296,公寓,apartment,0.5477979072175544
3006,照片,photo,0.6129338824303596
70,房子,house,0.4337773603518676
6777,地方,place,0.3158338834231683
4373,木头,wood,0.4201394352127456
2172,女生,girl,0.49389891522584767
358,床,floor,0.39320763945129905
1961,干净,clean,0.4195049620662766
5216,看,look,0.4991637335401057
64,卧室,bedroom,0.39530470390147243
3964,发,hair,0.2434798213197308
5422,独立,independent,0.4379743567962547
289,免费,free,0.367614135130095
7245,白色,white,0.4885984950499605
288,卫浴,bathroom,0.4115943978867702
7558,哪些,which,0.30561701080320025
2815,没,without,0.3450060209110691
4251,租,rent,0.5421274076141451
2975,车站,station,0.29230865205096823
3821,床,floor,0.39320763945129905
7651,挑战,challenge,0.4062869373132119
2757,冰箱,refrigerator,0.5237318365594621
4714,兴趣,interest,0.3855436998954802
6327,星期,week,0.4960986723141604
6434,多,many,0.39285058446568644
2480,一,one,0.4857254888386869
5643,更大,bigger,0.5435225118732263
5238,邻居,neighbor,0.38648994706484113
6189,换,change,0.3340736890634682
1032,日常,daily,0.32068398550882216
5765,房屋,houses,0.40923085312431684
861,个,indivual,0.2704036113107572
2566,环境,environment,0.492201175539387
663,坐,sit,0.45451757194098363
4512,房东,landlord,0.2915947470409827
1739,松鼠,squirrel,0.41517121590759765
1997,好,good,0.5019877271684081
2208,大理石,marble,0.4428902484386687
2557,洁癖,cleanliness,0.3552475158197405
4120,好,good,0.5019877271684081
2484,超大,oversized,0.2778197407951228
6864,细节,detail,0.4052247280945844
7309,新,new,0.5106305252803439
6529,现金,cash,0.4162298837745592
4618,房子,house,0.4337773603518676
3873,卧室,bedroom,0.39530470390147243
1456,朋友,friend,0.5295676853542136
4113,可,can,0.42899713912331167
4621,说,explain,0.2927817367702379
3946,书柜,bookcase,0.306144535436951
6208,剩余,remaining,0.4134469030226425
1964,兴趣,interest,0.3855436998954802
579,公共,public,0.483189279983293
2018,的,of,0.518299746521493
3441,必须,must,0.39237881869118213
3533,分,point,0.38734416006217104
6074,具体,specific,0.29925003084907253
1783,满,full,0.20543511555069074
4760,月,moon,0.3333795274260879
1628,卧室,bedroom,0.39530470390147243
5869,范围,scope,0.2426619891496513
4168,离,leave,0.328121284996104
2922,地段,lot,0.07392076010465642
2256,公寓,apartment,0.5477979072175544
6643,修,build,0.2619600828898565
5623,免费,free,0.367614135130095
808,家具,furniture,0.5507536677662279
5415,里面,in,0.16497447986634392
3663,地理,geography,0.536807186308149
2363,租金,rent,0.5290406072282562
946,台面,mesa,0.08211679620197594
950,房子,house,0.4337773603518676
906,大,big,0.4591694030077561
2174,网,net,0.32485783785660366
4308,招租,rent,0.4464849962284393
530,房间,room,0.46054308979067976
5736,性格,character,0.4332535799163868
7161,需要,need,0.5231707717726841
7107,多,many,0.39285058446568644
1770,学校,school,0.38441404936462165
6342,打印,print,0.3466446000099307
3882,定,certainly,0.21435304467811314
5368,房子,house,0.4337773603518676
6280,相当,quite,0.19796516297913652
4798,三,three,0.5433248733111089
3143,节庆,festival,0.2769571094343758
1093,最好,most,0.24436178583837623
2950,各,each,0.4636979729887591
5286,公用,public,0.34446921602272845
1844,家具,furniture,0.5507536677662279
6582,各,each,0.4636979729887591
7611,职位,position,0.3850464956238554
7098,该,should,0.10075532608563093
2611,时间,time,0.3863013361499727
6918,卖,sell,0.41334088718171147
4277,邮件,mail,0.32248256917159374
4990,事,case,0.2803656933643746
6048,健身,fitness,0.5276991074461261
4245,出租,rent,0.44286929935983244
3569,照片,photo,0.6129338824303596
4694,价格,price,0.4425307595703736
4754,房租,rent,0.558705523915882
5018,全,complete,0.4405276166547147
4728,很,very,0.545831295714541
1433,家具,furniture,0.5507536677662279
7523,具体,specific,0.29925003084907253
6857,下方,below,0.2479386407841087
2688,女生,girl,0.49389891522584767
547,爱,like,0.3189369200908802
4317,提供,supply,0.37480163538541916
5798,房,house,0.4191949927654793
1589,的,of,0.518299746521493
2542,此,this,0.3779138085884452
4602,条件,condition,0.3217275519179197
3175,卧室,bedroom,0.39530470390147243
2003,可以,can,0.5021279669964083
1527,房,house,0.4191949927654793
1453,大,big,0.4591694030077561
5705,每,every,0.3795693613305344
4834,床,floor,0.39320763945129905
4128,电缆,cable,0.30354197203442795
1604,价格,price,0.4425307595703736
5355,价格,price,0.4425307595703736
328,接受,accept,0.4587092340264576
951,图片,picture,0.400364037144451
7256,东西,thing,0.1672401966344991
5968,塑料,plastic,0.5066806623213173
5719,发,hair,0.2434798213197308
7246,陶瓷,ceramics,0.5731684219892187
5293,人,people,0.47560794431654696
1666,遮光,shading,0.2920739799095762
4518,公寓,apartment,0.5477979072175544
4994,简易,simple,0.2655444310111071
4454,去,go,0.4488556327825723
1591,老师,teacher,0.3629362763054061
3355,同学,classmate,0.33909003680377925
3185,网,net,0.32485783785660366
2814,配套,matching,0.16273807784526034
824,公用,public,0.34446921602272845
5099,看,look,0.4991637335401057
7288,上,superior,0.26495830098500356
7508,及,and,0.5906930785059943
2451,人,people,0.47560794431654696
4554,房间,room,0.46054308979067976
1562,五月,may,0.4294704464960145
4726,情况,condition,0.3116768125490915
5042,桌子,table,0.3636067053486905
1244,这,this,0.2888858151530821
2681,父母,parents,0.632933694088
6712,怎么,how,0.27795955502373615
4036,月,moon,0.3333795274260879
1686,外加,plus,0.44029492276994975
4037,可,can,0.42899713912331167
6284,整体,overall,0.2625753765451908
7454,交易,trade,0.3840084381909254
5303,全,complete,0.4405276166547147
4797,各,each,0.4636979729887591
1402,说明,illustrate,0.2556298205717892
2969,日照,sunshine,0.27736910489645844
1499,顶,top,0.3733433336980193
984,公寓,apartment,0.5477979072175544
5687,家,home,0.33411149330242007
683,楼,building,0.3845173097155118
4659,房子,house,0.4337773603518676
164,是,yes,0.22619450426379015
2714,干净,clean,0.4195049620662766
4322,地下,underground,0.5574275743974212
6036,小,small,0.501711233659272
4893,卧室,bedroom,0.39530470390147243
65,每个,each,0.5790326597321607
669,每,every,0.3795693613305344
5356,时间,time,0.3863013361499727
4062,还,return,0.26661582966503533
2037,采光,lighting,0.285983860051427
3997,木头,wood,0.4201394352127456
1799,好,good,0.5019877271684081
4473,卫生,health,0.3698261929566962
5458,阳台,balcony,0.3689119610275988
83,和善,kind,0.27019830946949613
4334,男生,boys,0.47139227978768555
2702,租金,rent,0.5290406072282562
5541,网,net,0.32485783785660366
2818,交通,transportation,0.4422181304864565
5884,厨房,kitchen,0.45797437852234774
1583,问题,question,0.3072946798886989
2167,联系,connect,0.23437130166409045
1806,现有,existing,0.3145724528560286
302,干净,clean,0.4195049620662766
212,包,bag,0.4317196921417305
3604,两,two,0.5490262021461204
2508,房子,house,0.4337773603518676
4010,现有,existing,0.3145724528560286
7085,需要,need,0.5231707717726841
7265,损坏,damage,0.3827731389196535
2369,水,water,0.5685886898454919
6401,上面,above,0.33387454433784974
5944,房间,room,0.46054308979067976
4049,舒服,comfortable,0.4739670897887613
37,房子,house,0.4337773603518676
2974,月,moon,0.3333795274260879
3247,感觉,feel,0.29355254190148444
142,公寓,apartment,0.5477979072175544
3809,房间,room,0.46054308979067976
2179,打扫,clean,0.27228974293287367
1857,卧室,bedroom,0.39530470390147243
2329,卧室,bedroom,0.39530470390147243
4696,水,water,0.5685886898454919
7568,车,car,0.4756505618189587
6077,经验,experience,0.4006231380732361
5860,新,new,0.5106305252803439
5108,生活,life,0.49726883122758775
3563,主要,main,0.511586278619605
1024,转卖,resell,0.38724177422715284
48,人,people,0.47560794431654696
3699,联系,connect,0.23437130166409045
2328,是,yes,0.22619450426379015
5799,房子,house,0.4337773603518676
6698,配,match,0.2750446507608995
3576,间,between,0.3249004914579522
5561,两,two,0.5490262021461204
3707,公园,garden,0.2981467787075828
6927,事故,accident,0.5833584108492083
7249,买,purchase,0.3232302119566756
3379,木头,wood,0.4201394352127456
6304,升降,lifting,0.3235627685276019
2268,家具,furniture,0.5507536677662279
4874,询问,ask,0.35298050179677626
2303,草坪,lawn,0.4590489359565044
2547,诚意,sincerity,0.33073945110807806
6563,带,bring,0.2340715754832635
1577,物业,property,0.2904672645661752
5773,学校,school,0.38441404936462165
5706,女生,girl,0.49389891522584767
2356,卧室,bedroom,0.39530470390147243
2058,房子,house,0.4337773603518676
1711,物业,property,0.2904672645661752
2888,房子,house,0.4337773603518676
3690,床,floor,0.39320763945129905
5006,油烟,soot,0.35262453787997333
2936,山,mountain,0.5566191405181569
7537,资源,resource,0.40799409346571325
1968,医院,hospital,0.4511862794867743
318,乱,chaos,0.2677779477669514
4661,时间,time,0.3863013361499727
5637,合同,contract,0.5799197782030985
6971,价格,price,0.4425307595703736
2056,房子,house,0.4337773603518676
4517,好,good,0.5019877271684081
5963,领,collar,0.2609217878851899
3767,卧室,bedroom,0.39530470390147243
2934,房,house,0.4191949927654793
6410,桌子,table,0.3636067053486905
6742,车,car,0.4756505618189587
5943,人,people,0.47560794431654696
5609,照片,photo,0.6129338824303596
1289,女孩,girl,0.5758673418306334
4549,质量,quality,0.44566341864675585
4907,电话,telephone,0.44086842118714875
2285,大,big,0.4591694030077561
4178,卧室,bedroom,0.39530470390147243
1679,图片,picture,0.400364037144451
4789,多,many,0.39285058446568644
5068,房间,room,0.46054308979067976
4941,下载,download,0.4165745631724156
3702,房间,room,0.46054308979067976
5712,房间,room,0.46054308979067976
2273,同学,classmate,0.33909003680377925
3430,房间,room,0.46054308979067976
17,一,one,0.4857254888386869
309,图片,picture,0.400364037144451
7101,图片,picture,0.400364037144451
3550,房间,room,0.46054308979067976
1636,公寓,apartment,0.5477979072175544
2353,卧室,bedroom,0.39530470390147243
3956,完全,completely,0.5245234525143893
1543,长,long,0.45332005405826775
425,床,floor,0.39320763945129905
7047,尾翼,tail,0.37964490100107745
3993,协商,negotiate,0.2992349642243845
3554,社区,community,0.16764062674343372
5777,超市,supermarket,0.479836367284964
1933,小,small,0.501711233659272
5199,房子,house,0.4337773603518676
6272,鱼,fish,0.5300797372596407
166,足,legs,0.3407268000521918
2493,窗,window,0.546161050220257
7115,人民币,rmb,0.47351987887383734
5721,家具,furniture,0.5507536677662279
7172,语文,language,0.32842791591808485
1011,价格,price,0.4425307595703736
2929,级别,level,0.37265370652937585
3445,健谈,talkative,0.41151586474329893
5487,床,floor,0.39320763945129905
4937,水果,fruit,0.46908229448827315
5638,公司,company,0.616257333410934
5423,房子,house,0.4337773603518676
7222,气质,temperament,0.1944024742767598
5842,但,but,0.5720574877277423
1033,存储,storage,0.33906067217471464
868,卫生,health,0.3698261929566962
4232,预约,reserve,0.07191398244912474
4838,家具,furniture,0.5507536677662279
6754,书桌,desk,0.2958325986917009
3828,很,very,0.545831295714541
875,房间,room,0.46054308979067976
3683,人,people,0.47560794431654696
5584,月,moon,0.3333795274260879
5920,房子,house,0.4337773603518676
7247,现金,cash,0.4162298837745592
7356,网络,network,0.3722989990992718
4201,房间,room,0.46054308979067976
6266,经验,experience,0.4006231380732361
6461,卖,sell,0.41334088718171147
6914,朋友,friend,0.5295676853542136
4522,价格,price,0.4425307595703736
944,房间,room,0.46054308979067976
6153,工具,tool,0.5889290074102299
2704,地板,floor,0.4431147229153602
7253,耳机,earphone,0.3459677526646811
6680,邮箱,mail,0.2881106733666296
4262,厅,hall,0.3007643930293341
7484,国内,domestic,0.3050644350599182
4584,水电,hydropower,0.288671104383204
823,很,very,0.545831295714541
569,工作,work,0.5521946215304873
4573,房,house,0.4191949927654793
7194,家具,furniture,0.5507536677662279
7224,邮箱,mail,0.2881106733666296
5482,联系,connect,0.23437130166409045
2471,屋内,indoor,0.08019070128446391
2527,女生,girl,0.49389891522584767
1482,车库,garage,0.33342765437943067
2319,追求,pursue,0.30898009788542685
2281,联系,connect,0.23437130166409045
2881,转,change,0.32251473673666153
3744,月,moon,0.3333795274260879
4704,租金,rent,0.5290406072282562
4053,很,very,0.545831295714541
2895,周边,around,0.17808001297316592
6389,多,many,0.39285058446568644
2675,房间,room,0.46054308979067976
6306,变压器,transformer,0.13496515563556233
1786,二,two,0.48948719292853404
1447,卧室,bedroom,0.39530470390147243
5346,价格,price,0.4425307595703736
4971,椅子,chair,0.3898255296178281
2556,间隔,interval,0.32650988495050703
1973,间,between,0.3249004914579522
5424,更,even,0.4658851146130414
3648,旁边,beside,0.3942153522181763
5554,房,house,0.4191949927654793
6446,我,i,0.4767644784095304
5045,房子,house,0.4337773603518676
4000,卧室,bedroom,0.39530470390147243
5157,房子,house,0.4337773603518676
6664,管,tube,0.4409772765591128
5244,卧室,bedroom,0.39530470390147243
5636,新生,newborn,0.3400986595776142
6585,说,explain,0.2927817367702379
7604,新,new,0.5106305252803439
5433,中文,chinese,0.3204820058459738
4034,向,towards,0.38616810970281856
2743,女生,girl,0.49389891522584767
3096,妹子,girl,0.3796746100926492
5434,公寓,apartment,0.5477979072175544
5565,电视,television,0.4501896223939478
3923,钱,money,0.45336970455236547
2532,房东,landlord,0.2915947470409827
4744,卧室,bedroom,0.39530470390147243
4393,向,towards,0.38616810970281856
6325,家具,furniture,0.5507536677662279
4316,家具,furniture,0.5507536677662279
6215,麻烦,trouble,0.36268292947592684
592,位置,location,0.4217850084859205
3720,房子,house,0.4337773603518676
6867,傍晚,evening,0.5349174113224462
4892,好,good,0.5019877271684081
6359,新,new,0.5106305252803439
4747,女生,girl,0.49389891522584767
1422,家具,furniture,0.5507536677662279
4466,考虑,consider,0.35366789257901576
5875,位置,location,0.4217850084859205
2708,房间,room,0.46054308979067976
3954,有,have,0.44284508055421573
3594,大,big,0.4591694030077561
6734,柜子,cabinet,0.1618001063352409
673,公寓,apartment,0.5477979072175544
4938,地下室,basement,0.44986362226444976
7662,能力,ability,0.5668292524796771
4521,需求,need,0.3626347670144042
4417,给,give,0.3969148373042273
4485,书房,study,0.014175257072152201
7393,村,village,0.3953884074138443
7602,英语,english,0.4307947097888783
979,公寓,apartment,0.5477979072175544
3279,大理石,marble,0.4428902484386687
3129,走路,walk,0.4795382533877748
4758,上,superior,0.26495830098500356
1943,大,big,0.4591694030077561
5663,房子,house,0.4337773603518676
1307,联系,connect,0.23437130166409045
6005,邮箱,mail,0.2881106733666296
5465,有,have,0.44284508055421573
2905,物品,thing,0.17770391981421002
39,有,have,0.44284508055421573
6445,忘,forget,0.41771682761532775
5206,床,floor,0.39320763945129905
5932,人,people,0.47560794431654696
2728,蟑螂,cockroach,0.4966891323139454
187,价格,price,0.4425307595703736
156,生活,life,0.49726883122758775
7431,灰,ash,0.38503973343695336
4307,水电,hydropower,0.288671104383204
1455,朋友,friend,0.5295676853542136
7645,心理学,psychology,0.5249128195390822
2745,床头,bedside,0.27575248230807153
5543,即时,immediate,0.14172257888538276
5549,网络,network,0.3722989990992718
2599,也,also,0.4969144242152223
2738,有,have,0.44284508055421573
4900,女生,girl,0.49389891522584767
6648,厂,factory,0.4740039487863805
1111,刀,knife,0.5396634915249728
2454,四,four,0.5597943651318036
7267,毕业,graduate,0.43010266874622005
5451,独立,independent,0.4379743567962547
7300,网上,online,0.3106640580879858
5665,房租,rent,0.558705523915882
6086,第一,first,0.587682146641369
12,大学,university,0.5260812064146423
7657,有,have,0.44284508055421573
4184,顶,top,0.3733433336980193
1223,相对,relatively,0.31450799011317204
3602,同学,classmate,0.33909003680377925
5109,价格,price,0.4425307595703736
785,社区,community,0.16764062674343372
2623,有,have,0.44284508055421573
3080,卧室,bedroom,0.39530470390147243
7505,销售,sale,0.31048381988575646
7212,书桌,desk,0.2958325986917009
2874,没有,no,0.30240775788728325
4698,时间,time,0.3863013361499727
838,电话,telephone,0.44086842118714875
4617,有,have,0.44284508055421573
1477,地点,place,0.3678264841080431
1295,床,floor,0.39320763945129905
2054,对,right,0.25773874257152124
2837,包,bag,0.4317196921417305
7601,优先,priority,0.2903407093228242
714,卧室,bedroom,0.39530470390147243
2799,有,have,0.44284508055421573
184,进,enter,0.2977788129504149
3469,厨房,kitchen,0.45797437852234774
7598,提升,promote,0.344630694338887
432,很,very,0.545831295714541
1665,采光,lighting,0.285983860051427
5205,好,good,0.5019877271684081
7113,物品,thing,0.17770391981421002
3363,生活,life,0.49726883122758775
7599,定期,regular,0.44150274350180646
5416,限制,limit,0.5043401393590556
6143,具体,specific,0.29925003084907253
6132,出,out,0.3572487516830546
2186,好多,many,0.304435771343888
4238,好处,benefit,0.2733633029331744
6106,赶紧,quickly,0.1867263844293325
3021,地毯,carpet,0.5287484142500525
1877,卫生,health,0.3698261929566962
5478,选择,choose,0.39634116611912357
1026,住,live,0.3461427230307954
6323,问,ask,0.3973727136936414
4993,小,small,0.501711233659272
1898,错过,miss,0.08999665995925202
2697,女生,girl,0.49389891522584767
7656,最近,recently,0.4840887263916724
4570,图片,picture,0.400364037144451
5744,化学,chemical,0.42200401810281307
8158,给,give,0.3969148373042273
538,实惠,affordable,0.27740408895327895
154,陈,list,0.23964383453201615
4882,中国,china,0.5123480395344598
396,你,you,0.5406405040274602
3409,离,leave,0.328121284996104
8017,联系,connect,0.23437130166409045
6283,整洁,tidy,0.31181743597645956
6752,外,outside,0.4355033873983384
704,习惯,habit,0.2549013535503193
2547,生活,life,0.49726883122758775
8015,联系,connect,0.23437130166409045
3222,月,moon,0.3333795274260879
1247,理论,theory,0.4111009796527431
5971,自行车,bike,0.4861640599814976
2148,欢迎,welcome,0.36473558586617416
2346,学校,school,0.38441404936462165
7016,电气,electric,0.21383554976126776
7999,邮件,mail,0.32248256917159374
2083,邮件,mail,0.32248256917159374
625,也,also,0.4969144242152223
5685,厨房,kitchen,0.45797437852234774
7663,问题,question,0.3072946798886989
478,不良,bad,0.332698204573011
1713,可否,can,0.3332197175957134
7058,是,yes,0.22619450426379015
894,中央,central,0.48375115702430344
3530,也,also,0.4969144242152223
4890,包括,include,0.5215518945733588
837,自行车,bike,0.4861640599814976
1744,公园,garden,0.2981467787075828
3912,厨房,kitchen,0.45797437852234774
5045,一,one,0.4857254888386869
4023,女生,girl,0.49389891522584767
264,日本,japan,0.6632368023741841
436,事故,accident,0.5833584108492083
2768,你,you,0.5406405040274602
290,实验室,laboratory,0.5409689065123897
6041,周边,around,0.17808001297316592
4291,锅,pot,0.41321608308136454
6841,暖气,heating,0.27994577722817165
1842,家具,furniture,0.5507536677662279
6651,一月,january,0.4759603727913713
3500,工作,work,0.5521946215304873
2965,学校,school,0.38441404936462165
1631,邮件,mail,0.32248256917159374
7613,中国,china,0.5123480395344598
8128,联系,connect,0.23437130166409045
830,这,this,0.2888858151530821
657,学校,school,0.38441404936462165
6657,外面,outside,0.41042851775150546
4053,国内,domestic,0.3050644350599182
7795,几,several,0.40540429432432645
8002,热心,enthusiastic,0.3139946078121276
6262,一,one,0.4857254888386869
3599,两,two,0.5490262021461204
5463,沙发,sofa,0.23335731872139254
2189,忽略,neglect,0.24934291400004663
3496,即可,can,0.4121134534174815
8309,图片,picture,0.400364037144451
3241,齐全,complete,0.1764957498527333
98,都,all,0.45218639295646257
4895,好,good,0.5019877271684081
7445,出租,rent,0.44286929935983244
2022,微,micro,0.36820282535093063
7167,出租,rent,0.44286929935983244
1633,物业,property,0.2904672645661752
5764,受骗,deceived,0.2788623180253137
5733,有,have,0.44284508055421573
464,月,moon,0.3333795274260879
298,晒,show,0.2422954819943969
4511,车,car,0.4756505618189587
6872,椅子,chair,0.3898255296178281
6007,钱,money,0.45336970455236547
7704,保养,maintainance,0.14112333142246283
7180,网络,network,0.3722989990992718
2532,楼,building,0.3845173097155118
7942,专业,major,0.11813225173543392
4442,老师,teacher,0.3629362763054061
8249,论坛,forum,0.34858785866764663
1284,情况,condition,0.3116768125490915
2900,差,difference,0.4295812597645787
3084,联系,connect,0.23437130166409045
6042,生活,life,0.49726883122758775
2317,厅,hall,0.3007643930293341
7549,我,i,0.4767644784095304
2494,一,one,0.4857254888386869
2691,对手,opponent,0.34102597432731013
461,对象,object,0.3224985125185507
7018,联系,connect,0.23437130166409045
7458,办公,office,0.35492191505462795
6656,地理,geography,0.536807186308149
2200,地下,underground,0.5574275743974212
3249,沙发,sofa,0.23335731872139254
7391,送,deliver,0.3611604297079289
6486,顶,top,0.3733433336980193
6823,欢迎,welcome,0.36473558586617416
6506,生活,life,0.49726883122758775
5058,不尽,endless,0.09648521847080573
8219,维护,maintain,0.30032828369265246
615,灯,lamp,0.47607697721240416
2343,联系,connect,0.23437130166409045
2603,也,also,0.4969144242152223
136,心中,heart,0.3473760017460365
2182,学校,school,0.38441404936462165
1393,学,study,0.3930803453306598
2935,好,good,0.5019877271684081
4448,更新,renew,0.20382294733301828
7832,网,net,0.32485783785660366
702,走路,walk,0.4795382533877748
7187,帮忙,help,0.40095642555851807
4262,客户,client,0.36843757637576724
5362,微,micro,0.36820282535093063
2647,租,rent,0.5421274076141451
2600,好,good,0.5019877271684081
7714,争议,dispute,0.25373968032763283
2500,小,small,0.501711233659272
183,小区,community,0.12755352472794987
2218,箱子,box,0.40025144202284996
8258,里程,mileage,0.31632480183538364
1238,保险,insurance,0.3753640096540609
4294,老师,teacher,0.3629362763054061
196,到,arrive,0.3455495160797044
7671,一,one,0.4857254888386869
1326,厨房,kitchen,0.45797437852234774
5119,没有,no,0.30240775788728325
1599,两,two,0.5490262021461204
550,生活,life,0.49726883122758775
6247,视野,vision,0.3285600759547298
5650,可以,can,0.5021279669964083
4284,照片,photo,0.6129338824303596
1472,研究,research,0.5572997017884891
6253,齐备,complete,0.25727795834369066
4806,问,ask,0.3973727136936414
4299,厅,hall,0.3007643930293341
3426,租,rent,0.5421274076141451
4847,月,moon,0.3333795274260879
2216,外观,exterior,0.3169038878070145
5290,商品,merchandise,0.478316623097274
2635,衣帽间,cloakroom,0.26533219302999334
3693,朋友,friend,0.5295676853542136
440,公寓,apartment,0.5477979072175544
2087,沙发,sofa,0.23335731872139254
3521,有,have,0.44284508055421573
1117,柜子,cabinet,0.1618001063352409
7793,楼,building,0.3845173097155118
5348,用,use,0.45832534202167163
327,齐全,complete,0.1764957498527333
935,转让,transfer,0.3150930518916893
3941,联系,connect,0.23437130166409045
1391,咨询,consult,0.24605294624295934
4419,查看,check,0.4030622746760865
140,商量,discuss,0.4033660757122073
10,发,hair,0.2434798213197308
4933,床,floor,0.39320763945129905
1971,联系,connect,0.23437130166409045
6223,可以,can,0.5021279669964083
6260,楼,building,0.3845173097155118
5190,一,one,0.4857254888386869
1605,一,one,0.4857254888386869
6086,健身房,gym,0.43669741794169276
1581,车辆,vehicle,0.3228799163921438
6683,提供,supply,0.37480163538541916
805,收购,buy,0.2614952233649274
6047,小区,community,0.12755352472794987
4574,包,bag,0.4317196921417305
4905,功能,function,0.3883596122582469
8347,小时,hour,0.41001277135818803
3576,男生,boys,0.47139227978768555
4651,买,purchase,0.3232302119566756
1047,推荐,recommend,0.28924896370844894
3087,驾驶,drive,0.18587052878943428
6276,参观,visit,0.42216638100046083
5857,◆,◆,0.11277203567244748
2221,苹果,apple,0.541449654130279
3851,代表性,representative,0.1707075720160492
4598,胎,fetal,0.29712179111931103
7464,大,big,0.4591694030077561
6184,更新,renew,0.20382294733301828
4112,房子,house,0.4337773603518676
7263,服务,serve,0.1909620733703216
7605,重,heavy,0.31028150721637004
2617,八月,august,0.5387367503322832
3487,想,think,0.3783722534374337
1898,谢谢,thanks,0.3391111881354
5106,好的,ok,0.23184441643058143
2884,车,car,0.4756505618189587
7044,知道,know,0.5109328895993436
1988,卧室,bedroom,0.39530470390147243
3967,月,moon,0.3333795274260879
5615,保养,maintainance,0.14112333142246283
6210,到,arrive,0.3455495160797044
4650,限,limit,0.47599573638465303
7869,地址,address,0.4068777204405016
4207,给,give,0.3969148373042273
5211,两,two,0.5490262021461204
6469,小区,community,0.12755352472794987
5928,朋友,friend,0.5295676853542136
1550,餐具,tableware,0.4247173326956864
647,删除,delete,0.3226010916707819
4478,需要,need,0.5231707717726841
2272,者,by,0.3523906804017365
7488,指教,advice,0.3013733072810826
1584,可,can,0.42899713912331167
57,洗衣,laundry,0.5417492527300461
7337,颜色,color,0.36342862391005837
6582,选,select,0.40685033950022015
6120,地址,address,0.4068777204405016
7030,绝对,absolute,0.30801696576765825
1133,带,bring,0.2340715754832635
5191,厨房,kitchen,0.45797437852234774
5883,厨房,kitchen,0.45797437852234774
2885,家具,furniture,0.5507536677662279
893,月,moon,0.3333795274260879
93,菜,vegetable,0.39887729547024786
828,一,one,0.4857254888386869
5503,主,host,0.31810497974834473
6182,健身,fitness,0.5276991074461261
5776,频繁,frequently,0.2971573616186331
4560,图片,picture,0.400364037144451
4055,信息,information,0.4604972832646545
3466,邮箱,mail,0.2881106733666296
2897,老板,boss,0.3070646021915806
7006,申请,apply,0.23108556536861075
2676,打,beat,0.37632480614294744
3212,一,one,0.4857254888386869
441,共享,shared,0.4753228688457583
335,不,no,0.3650242498014744
3740,人,people,0.47560794431654696
1589,一,one,0.4857254888386869
3786,设施,facility,0.26208196020665164
3589,邮箱,mail,0.2881106733666296
376,草坪,lawn,0.4590489359565044
8057,也,also,0.4969144242152223
3329,方便,convenient,0.5175814096306857
5097,各,each,0.4636979729887591
1261,人,people,0.47560794431654696
3709,联系,connect,0.23437130166409045
1132,小,small,0.501711233659272
7531,九月,september,0.5466108538493827
6221,直接,direct,0.5109704046801936
119,家具,furniture,0.5507536677662279
4406,附件,appendix,0.22681380969162818
6799,正常,normal,0.49764222176009404
5117,骗子,fraud,0.16142490179976265
1885,问卷,questionnaire,0.49687000596477754
2728,辆,vehicle,0.3967404068133532
3666,负责,responsible,0.4084782759052161
4342,发,hair,0.2434798213197308
4520,没有,no,0.30240775788728325
3880,好,good,0.5019877271684081
8062,行程,journey,0.3823398861458097
1857,硕士,master,0.1315209399460246
5609,毕业,graduate,0.43010266874622005
8116,博士,phd,0.5070729835493016
5827,更新,renew,0.20382294733301828
882,散步,walk,0.5039812975043528
3121,被子,quilt,0.22149264602925647
523,设施,facility,0.26208196020665164
449,健身房,gym,0.43669741794169276
7585,品尝,taste,0.3125343328057052
6245,分钟,minute,0.46602370778950175
990,有,have,0.44284508055421573
6333,沙发,sofa,0.23335731872139254
2247,钓鱼,fishing,0.23953700801361397
6334,厨房,kitchen,0.45797437852234774
4616,短,short,0.5418637767759932
2163,公园,garden,0.2981467787075828
569,邮箱,mail,0.2881106733666296
7377,车,car,0.4756505618189587
3882,迷津,labyrinth,0.18039699100901407
1815,车,car,0.4756505618189587
5238,带,bring,0.2340715754832635
701,防止,prevent,0.6307271512152612
1113,期间,period,0.3047557023024789
6987,父母,parents,0.632933694088
7470,公园,garden,0.2981467787075828
4141,问题,question,0.3072946798886989
4582,询问,ask,0.35298050179677626
5954,车,car,0.4756505618189587
123,卧室,bedroom,0.39530470390147243
377,意向,intention,0.36380518540484386
2655,谢谢,thanks,0.3391111881354
5210,好,good,0.5019877271684081
7159,地方,place,0.3158338834231683
7122,谢谢,thanks,0.3391111881354
4607,管理,manage,0.3640227716371478
4247,客户,client,0.36843757637576724
5269,绝对,absolute,0.30801696576765825
526,大,big,0.4591694030077561
4144,超市,supermarket,0.479836367284964
1220,美好,good,0.2609701984587633
1985,月,moon,0.3333795274260879
6291,具体,specific,0.29925003084907253
791,房子,house,0.4337773603518676
7217,透明,transparent,0.5626695263370273
2556,宠物,pet,0.40634409805809457
2434,独立,independent,0.4379743567962547
151,学校,school,0.38441404936462165
5126,环境,environment,0.492201175539387
4263,必备,essential,0.2818825088344634
4255,应变,strain,0.18792888343950365
1714,月,moon,0.3333795274260879
1162,月,moon,0.3333795274260879
7787,邮件,mail,0.32248256917159374
2444,联系,connect,0.23437130166409045
4015,类别,category,0.2459541385975797
6511,浴室,bathroom,0.5615115806879493
8160,床,floor,0.39320763945129905
7719,一切,everything,0.39683344755410316
7482,无线,wireless,0.37596682175240226
2361,还在,still,0.4233836541947801
3668,暖气,heating,0.27994577722817165
2139,您,you,0.5149643479428264
3676,好,good,0.5019877271684081
8076,失望,disappointment,0.5846970594568216
2427,房子,house,0.4337773603518676
3502,意愿,will,0.23290714579803565
4600,我,i,0.4767644784095304
4736,小区,community,0.12755352472794987
5,房屋,houses,0.40923085312431684
7722,你,you,0.5406405040274602
7938,楼,building,0.3845173097155118
3770,费城,philadelphia,0.3990670902343725
5709,空间,space,0.4952036339502175
4936,月,moon,0.3333795274260879
3182,好,good,0.5019877271684081
7378,也,also,0.4969144242152223
2412,最大,maximum,0.4066432061937639
5772,私人,private,0.5512672302972262
2942,事,case,0.2803656933643746
4128,安静,quiet,0.4084549692696618
3772,您,you,0.5149643479428264
385,家具,furniture,0.5507536677662279
4544,小,small,0.501711233659272
3094,学校,school,0.38441404936462165
1061,让,let,0.3979246714973668
129,社区,community,0.16764062674343372
1436,新,new,0.5106305252803439
3610,十分,very,0.5425853300810022
1454,车,car,0.4756505618189587
3932,你,you,0.5406405040274602
2426,地址,address,0.4068777204405016
3804,联系,connect,0.23437130166409045
1932,游戏,game,0.4554594685730822
1768,便宜,cheap,0.5279488016014473
7767,台,tower,0.25410346013777374
4928,男生,boys,0.47139227978768555
3572,真正,real,0.4053766016121162
6641,一,one,0.4857254888386869
5272,床单,sheet,0.3203850521396724
3499,谢谢,thanks,0.3391111881354
1304,紧张,nervous,0.28087118435319125
826,屋,ya,0.29300050209623624
2513,女生,girl,0.49389891522584767
4657,需要,need,0.5231707717726841
4058,骗子,fraud,0.16142490179976265
1412,忘记,forget,0.3535837296214068
6645,费用,cost,0.41672065800803637
4239,合理,reasonable,0.386430173482899
7346,红色,red,0.4306158482800123
1292,负责,responsible,0.4084782759052161
2415,肯尼迪,kennedy,0.4207368518499095
5734,邮件,mail,0.32248256917159374
1042,认真,serious,0.2133432008755201
2471,交通,transportation,0.4422181304864565
7895,生活,life,0.49726883122758775
551,学业,studies,0.190868814739896
790,愉快,joy,0.36375435048600474
3721,狗,dog,0.5776312116780159
5710,公园,garden,0.2981467787075828
8199,有意,intentionally,0.3816720316274613
7602,你,you,0.5406405040274602
4554,没,without,0.3450060209110691
1161,机会,chance,0.4763827534319899
1639,租金,rent,0.5290406072282562
382,房,house,0.4191949927654793
247,代步,transport,0.27510484385938955
6442,房租,rent,0.558705523915882
3916,有,have,0.44284508055421573
6326,照片,photo,0.6129338824303596
7573,新人,newcomer,0.39422751831357067
1708,华人,chinese,0.30826934149842844
6734,可以,can,0.5021279669964083
3629,主,host,0.31810497974834473
6860,厨房,kitchen,0.45797437852234774
6393,题目,topic,0.13495422292460535
316,东西,thing,0.1672401966344991
708,东西,thing,0.1672401966344991
4577,雨,rain,0.5574209479446495
3234,身份,identity,0.4662386579986048
7596,联系,connect,0.23437130166409045
158,车,car,0.4756505618189587
4585,有意,intentionally,0.3816720316274613
26,现在,now,0.35966162029227244
5500,时间,time,0.3863013361499727
7607,柜子,cabinet,0.1618001063352409
5232,房子,house,0.4337773603518676
8100,邮件,mail,0.32248256917159374
2614,油,oil,0.51697147702107
4743,出租,rent,0.44286929935983244
4576,小区,community,0.12755352472794987
3407,小区,community,0.12755352472794987
7152,图片,picture,0.400364037144451
6340,联系,connect,0.23437130166409045
143,月,moon,0.3333795274260879
5779,月,moon,0.3333795274260879
1801,维修,repair,0.33500472388462627
1893,高,high,0.5074345020421566
7984,嗜好,preference,0.22207474826440196
6456,图片,picture,0.400364037144451
4240,修改,revise,0.47540741752706256
3673,晚饭,dinner,0.3809620065629839
1347,联系,connect,0.23437130166409045
5914,联系,connect,0.23437130166409045
6077,你,you,0.5406405040274602
5999,细节,detail,0.4052247280945844
4683,兴趣,interest,0.3855436998954802
4621,查看,check,0.4030622746760865
3797,方式,way,0.46213722028584553
3959,连接,connect,0.4467487191405489
5222,室内,indoor,0.33670953623712124
2056,地方,place,0.3158338834231683
350,一,one,0.4857254888386869
7130,房子,house,0.4337773603518676
3608,东西,thing,0.1672401966344991
405,小区,community,0.12755352472794987
8023,房间,room,0.46054308979067976
7087,一,one,0.4857254888386869
660,最高,highest,0.6177071712558083
651,条件,condition,0.3217275519179197
6567,费城,philadelphia,0.3990670902343725
3039,月,moon,0.3333795274260879
1519,开,open,0.369098956578003
4934,一,one,0.4857254888386869
5597,人,people,0.47560794431654696
3300,专业,major,0.11813225173543392
4459,外观,exterior,0.3169038878070145
1952,不,no,0.3650242498014744
8306,打印机,printer,0.4166091097011746
1814,交换,exchange,0.3630355778928025
996,洗衣,laundry,0.5417492527300461
4032,恶作剧,mischief,0.09049522841617207
8107,出售,sell,0.5129977920892363
4477,不需要,unnecessary,0.29087280812332456
4841,毕业,graduate,0.43010266874622005
5148,周围,around,0.25547911646220495
4892,房,house,0.4191949927654793
1254,网站,website,0.4322867000827731
5986,价格,price,0.4425307595703736
1600,近期,recently,0.4788943479702458
2932,房,house,0.4191949927654793
8305,学校,school,0.38441404936462165
2120,约,about,0.3285850109703012
7420,合适,suitable,0.3791340708625808
730,主,host,0.31810497974834473
6263,不,no,0.3650242498014744
1986,都,all,0.45218639295646257
4250,培训,training,0.3869481300387316
8067,国际,internationality,0.2832031675980569
1062,不同,different,0.6144524493970634
4618,纯,pure,0.44865149202101556
2091,客户,client,0.36843757637576724
8197,书桌,desk,0.2958325986917009
7705,下面,under,0.18917496889566848
3503,农业,agriculture,0.4161186413363169
4261,了解,learn,0.42383462400417177
2357,联系,connect,0.23437130166409045
3355,你,you,0.5406405040274602
5739,好,good,0.5019877271684081
6491,我,i,0.4767644784095304
5054,部分,part,0.4430523354837738
6098,物品,thing,0.17770391981421002
3864,人,people,0.47560794431654696
5612,清洁,clean,0.4273156403694812
8263,一,one,0.4857254888386869
6272,我,i,0.4767644784095304
3129,电,electricity,0.3269650164320598
6364,钱,money,0.45336970455236547
273,付款,payment,0.5171079511921636
3143,独立,independent,0.4379743567962547
6688,留,keep,0.27491241133283767
2025,也,also,0.4969144242152223
401,齐全,complete,0.1764957498527333
4238,中国,china,0.5123480395344598
6261,安静,quiet,0.4084549692696618
4235,相关,relevant,0.27012410630157957
5855,材料,material,0.5205342937528273
4375,专业,major,0.11813225173543392
1626,校园,campus,0.38890072070156345
6342,价位,price,0.45749300206585997
4077,公园,garden,0.2981467787075828
1722,镜子,mirror,0.34928300311457555
8261,鞋,shoe,0.515583493676594
4867,你,you,0.5406405040274602
6159,厨房,kitchen,0.45797437852234774
5153,各位,everybody,0.23209808167560889
827,家具,furniture,0.5507536677662279
7886,你,you,0.5406405040274602
227,房屋,houses,0.40923085312431684
8343,从,from,0.489227081532997
6440,别的,other,0.35664627810369054
8159,收据,receipt,0.329788429810693
2390,新,new,0.5106305252803439
7713,东方,east,0.20062565434690022
2104,意思,mean,0.42575945371417123
6704,月,moon,0.3333795274260879
4232,身份,identity,0.4662386579986048
3420,博士,phd,0.5070729835493016
2761,家具,furniture,0.5507536677662279
3638,票,ticket,0.4461958132121543
6055,要求,require,0.3551384219849884
1940,年,year,0.4756094958332858
8186,卫生,health,0.3698261929566962
2051,卫生,health,0.3698261929566962
5022,图片,picture,0.400364037144451
7611,保险,insurance,0.3753640096540609
2732,忘记,forget,0.3535837296214068
2217,里程,mileage,0.31632480183538364
3070,接着,then,0.46456330883894476
6085,离,leave,0.328121284996104
2124,小,small,0.501711233659272
2201,卧室,bedroom,0.39530470390147243
967,东西,thing,0.1672401966344991
297,最高,highest,0.6177071712558083
7712,欢迎,welcome,0.36473558586617416
3085,车站,station,0.29230865205096823
856,书架,bookshelf,0.20742364370014113
4086,很,very,0.545831295714541
157,四,four,0.5597943651318036
997,街,city,0.3470783766442234
4223,房租,rent,0.558705523915882
3633,主要,main,0.511586278619605
999,基本,basic,0.5403177259829424
1819,大,big,0.4591694030077561
4364,游泳,swim,0.5214495165233156
3243,基本,basic,0.5403177259829424
596,密封,seal,0.28032753443910274
1535,煤气,gas,0.3901494049054924
679,你,you,0.5406405040274602
1453,灯,lamp,0.47607697721240416
4390,椅子,chair,0.3898255296178281
3881,位置,location,0.4217850084859205
642,塑料,plastic,0.5066806623213173
4246,朋友,friend,0.5295676853542136
620,东西,thing,0.1672401966344991
860,电脑,computer,0.4464919457270643
2560,大,big,0.4591694030077561
1100,基础,base,0.25748784615083425
844,厨房,kitchen,0.45797437852234774
1480,公寓,apartment,0.5477979072175544
12,购买,buy,0.40988992681969405
2655,安静,quiet,0.4084549692696618
1789,视野,vision,0.3285600759547298
667,大概,perhaps,0.2876811956009986
1402,请,please,0.25485458339354733
268,安装,install,0.377254271924972
81,图,picture,0.34508994883684924
2723,同学,classmate,0.33909003680377925
2025,月,moon,0.3333795274260879
4436,之后,after,0.4220822378042047
870,拉,pull,0.26378124905483025
2108,家具,furniture,0.5507536677662279
3949,同学,classmate,0.33909003680377925
3692,全,complete,0.4405276166547147
1281,继续,continue,0.42472562682116466
2880,房间,room,0.46054308979067976
2969,顶,top,0.3733433336980193
3657,有效,efficient,0.33380577325461586
1400,温度,temperature,0.41954859637563335
2591,正经,serious,0.10394729788188088
3981,打扰,disturb,0.31699989159443953
4047,装修,furnish,0.06013618554960215
3823,有效,efficient,0.33380577325461586
13,新,new,0.5106305252803439
2307,免费,free,0.367614135130095
1332,素雅,elegant,0.38009277341630704
1663,好,good,0.5019877271684081
660,更新,renew,0.20382294733301828
538,兴趣,interest,0.3855436998954802
2748,月,moon,0.3333795274260879
2160,中国,china,0.5123480395344598
637,兴趣,interest,0.3855436998954802
2248,太太,mrs,0.4021810134282436
3744,出租,rent,0.44286929935983244
613,打印机,printer,0.4166091097011746
2618,公寓,apartment,0.5477979072175544
902,小,small,0.501711233659272
4413,家人,family,0.4122947989558649
3629,区域,area,0.3198846245330102
302,独立,independent,0.4379743567962547
1298,租金,rent,0.5290406072282562
2530,房,house,0.4191949927654793
2624,独立,independent,0.4379743567962547
362,毕业,graduate,0.43010266874622005
1936,步行,walk,0.4743602235159808
3575,窗户,window,0.3613117100484401
1191,月,moon,0.3333795274260879
930,基础,base,0.25748784615083425
1675,大,big,0.4591694030077561
1063,照片,photo,0.6129338824303596
725,轮胎,tire,0.3326025957096975
3586,好,good,0.5019877271684081
1810,和,and,0.6245747291113786
2361,独立,independent,0.4379743567962547
455,秤,scales,0.2444269668550831
2732,宽敞,spacious,0.42776066155845427
4459,此,this,0.3779138085884452
1086,验证,verify,0.2657452988576047
2232,视,see,0.23361819914946133
2798,正规,regular,0.3272505750699716
624,包括,include,0.5215518945733588
3620,包围,surround,0.2949719062623646
706,锅,pot,0.41321608308136454
1170,花园,garden,0.3679229840710872
3569,特别,special,0.43036343614117223
703,在,exist,0.3158929439361311
109,最好,most,0.24436178583837623
4217,天,sky,0.378031336730049
4030,充足,adequate,0.4425371812309268
2903,房间,room,0.46054308979067976
1910,干净,clean,0.4195049620662766
4278,住,live,0.3461427230307954
3155,煤气,gas,0.3901494049054924
3339,全,complete,0.4405276166547147
3730,读书,read,0.14229705589324967
467,图书馆,library,0.5873297617700423
2992,洗手间,toilet,0.29576283658031094
1073,完,over,0.2792830720425913
1376,放松,relax,0.4408441478370954
2547,步行,walk,0.4743602235159808
1905,兴趣,interest,0.3855436998954802
2836,南,south,0.45561699665876143
3660,家具,furniture,0.5507536677662279
3693,房子,house,0.4337773603518676
4218,保障,assure,0.3062767110198771
3123,独立,independent,0.4379743567962547
2340,公寓,apartment,0.5477979072175544
2449,准备,prepare,0.42445366669464646
890,月,moon,0.3333795274260879
151,非常,very,0.5709436014457809
4439,类别,category,0.2459541385975797
814,大,big,0.4591694030077561
1514,车库,garage,0.33342765437943067
481,买,purchase,0.3232302119566756
4449,可能,possible,0.4496612088946202
3157,住,live,0.3461427230307954
1097,图,picture,0.34508994883684924
3481,承担,bear,0.2013547833651041
519,有效,efficient,0.33380577325461586
2750,厨房,kitchen,0.45797437852234774
496,作废,void,0.2090378846970624
4059,请,please,0.25485458339354733
702,东西,thing,0.1672401966344991
4435,保险,insurance,0.3753640096540609
2573,靠近,near,0.4950018271140368
1390,嗜好,preference,0.22207474826440196
848,很,very,0.545831295714541
1112,电梯,elevator,0.28322682543043315
2919,租金,rent,0.5290406072282562
2607,部分,part,0.4430523354837738
1652,家具,furniture,0.5507536677662279
1500,房间,room,0.46054308979067976
2175,很,very,0.545831295714541
3567,厅,hall,0.3007643930293341
1048,地下室,basement,0.44986362226444976
3110,租金,rent,0.5290406072282562
3283,南,south,0.45561699665876143
3751,新,new,0.5106305252803439
75,图片,picture,0.400364037144451
215,本,book,0.3588010335450898
2058,有,have,0.44284508055421573
3735,厨房,kitchen,0.45797437852234774
3562,女生,girl,0.49389891522584767
162,电子,electronic,0.3750799232369523
1278,非常,very,0.5709436014457809
1989,基本,basic,0.5403177259829424
2348,发,hair,0.2434798213197308
175,图片,picture,0.400364037144451
1482,好,good,0.5019877271684081
982,停车,parking,0.20402886995928682
2870,公园,garden,0.2981467787075828
1443,至,to,0.43049358606221816
4250,长,long,0.45332005405826775
2905,要求,require,0.3551384219849884
4355,举,raise,0.2810220673091467
2313,直达,direct,0.08423508015693984
424,已,already,0.40887068529402704
1963,联系,connect,0.23437130166409045
2599,宽敞,spacious,0.42776066155845427
4201,走廊,corridor,0.4586587017323571
3247,管,tube,0.4409772765591128
1258,传,pass,0.27698454187285887
1583,方便,convenient,0.5175814096306857
2600,给予,give,0.32953329880775917
2977,家具,furniture,0.5507536677662279
3995,免费,free,0.367614135130095
1190,地毯,carpet,0.5287484142500525
3399,附送,attached,0.09208337616994715
430,产品,product,0.4013507274750484
2666,安静,quiet,0.4084549692696618
88,瑜伽,yoga,0.4722240425703597
1807,周边,around,0.17808001297316592
1012,公寓,apartment,0.5477979072175544
3617,地方,place,0.3158338834231683
2450,男生,boys,0.47139227978768555
3145,房客,tenant,0.298343823975561
2101,结构,structure,0.45200948490523785
2096,卧室,bedroom,0.39530470390147243
758,干净,clean,0.4195049620662766
1579,屏风,screen,0.15266218568943057
3551,有些,some,0.5724217042531395
3132,厨房,kitchen,0.45797437852234774
1775,公寓,apartment,0.5477979072175544
561,架子,shelf,0.16702629187142426
3439,照片,photo,0.6129338824303596
573,很,very,0.545831295714541
1688,家具,furniture,0.5507536677662279
1970,房租,rent,0.558705523915882
2135,男,male,0.47428800612340755
1817,大,big,0.4591694030077561
3696,大学,university,0.5260812064146423
3360,为,for,0.36225711911066105
852,价格,price,0.4425307595703736
3672,出租,rent,0.44286929935983244
833,住,live,0.3461427230307954
4412,让,let,0.3979246714973668
2751,卧室,bedroom,0.39530470390147243
2927,这些,these,0.34200970366219796
1146,卧室,bedroom,0.39530470390147243
1289,到,arrive,0.3455495160797044
243,大,big,0.4591694030077561
904,要,want,0.4476982316369314
918,东西,thing,0.1672401966344991
1271,日,day,0.4185767063378988
657,家具,furniture,0.5507536677662279
281,车,car,0.4756505618189587
1532,小,small,0.501711233659272
32,时间,time,0.3863013361499727
3317,家具,furniture,0.5507536677662279
1743,树林,forest,0.3195423263098662
1717,信箱,mailbox,0.4277642187057592
3966,大,big,0.4591694030077561
4048,房间,room,0.46054308979067976
4343,简介,introduction,0.20886190691043516
3612,水电,hydropower,0.288671104383204
1303,看,look,0.4991637335401057
2198,房屋,houses,0.40923085312431684
1288,学习,study,0.2687975068840723
4118,旧,old,0.4223858888575959
471,邮件,mail,0.32248256917159374
3309,家具,furniture,0.5507536677662279
3681,兴趣,interest,0.3855436998954802
2231,房屋,houses,0.40923085312431684
700,洗,wash,0.5598603035864149
1998,谢谢,thanks,0.3391111881354
1565,齐备,complete,0.25727795834369066
2630,价格,price,0.4425307595703736
4340,公司,company,0.616257333410934
1992,冬,winter,0.537744563185193
