2,rich,富人,0.33234820595692866
4,lease,租约,0.39057615954143415
5,house,房子,0.4337773603518676
6,bathroom,浴室,0.5615115806879493
9,house,房子,0.4337773603518676
10,deck,阳台,0.1445610709472173
13,window,窗口,0.4561206629247497
14,flexible,灵活,0.37743280132427454
15,email,发送,0.32272988926221685
16,full,设施,-0.00972683254957627
17,email,发送,0.32272988926221685
18,driveway,私人,0.1966306569644259
19,half,半,0.4493497733684835
22,free,免费,0.367614135130095
25,share,共用,0.4253315416033848
26,nice,好,0.4184144385670674
30,living,客厅,0.0793759370677999
31,all,全部,0.522374201994325
33,available,有,0.31140821540111185
35,pet,宠物,0.40634409805809457
36,email,发,0.2643401591344875
45,return,退还,0.27771036950029826
46,view,景观,0.31058906316336016
49,bathroom,浴室,0.5615115806879493
53,couple,情侣,0.22204341775044098
56,off,路,0.27294638447385405
57,no,禁止,0.23889505681461193
62,house,房子,0.4337773603518676
64,doorman,门卫,0.324771403061245
67,lease,租约,0.39057615954143415
68,nice,好好,0.3558093626039003
69,doorman,门卫,0.324771403061245
76,an,一,0.2567074054140475
79,share,共用,0.4253315416033848
84,half,装修,-0.01442903877095396
85,fully,完整,0.375544179269246
87,house,住宅,0.36722464310756453
89,house,套,0.29179067092397004
92,budget,资金,0.23842573832864042
95,email,邮箱,0.356676120556652
97,leasing,租约,0.2749793175232175
98,nice,好,0.4184144385670674
99,email,发,0.2643401591344875
102,queen,标准,0.025762241253599747
103,indoor,室内,0.33670953623712124
107,young,年轻,0.37956022772434617
108,share,共用,0.4253315416033848
110,living,客厅,0.0793759370677999
117,utility,设施,0.2182504146272075
119,house,整套,0.17511366134471879
124,house,房屋,0.3701189441965704
125,house,房屋,0.3701189441965704
134,deck,露台,0.3090684354452713
140,offer,录取,0.0639628501615917
143,available,可,0.36038924185131266
145,cover,包含,0.34404966465183723
146,so,很,0.5049200603824255
150,party,派对,0.17977000015583072
151,text,来,0.2590318552885209
156,utility,公用,0.3089916106885419
170,main,总,0.2417325622295548
171,lease,的,0.15142089596869418
177,twin,小,0.3255640222695541
178,call,打,0.3231550617816078
180,young,年轻,0.37956022772434617
185,share,共用,0.4253315416033848
190,vending,自动,0.03547565600429548
193,house,房子,0.4337773603518676
201,queen,标准,0.025762241253599747
204,about,关于,0.31144541918559937
206,bedroom,卧室,0.39530470390147243
208,house,房子,0.4337773603518676
209,remodel,改造,0.39406927175603784
210,free,免费,0.367614135130095
211,manager,经理,0.341061091108894
212,basement,地下室,0.44986362226444976
214,building,物业,0.17674154562667582
216,room,房间,0.46054308979067976
218,house,房子,0.4337773603518676
219,queen,标准,0.025762241253599747
222,double,双层,0.1880697527464254
226,email,邮箱,0.356676120556652
228,available,空闲,0.22957387436344037
231,house,房子,0.4337773603518676
233,fully,家具,0.0417942389959525
239,renew,更新,0.20382294733301828
240,utilities,不,0.19641219298948503
244,party,派对,0.17977000015583072
245,apartment,公寓,0.5477979072175544
247,update,更新,0.49811098071081833
248,visit,玩,0.29474716113627586
249,apartment,公寓,0.5477979072175544
259,so,很,0.5049200603824255
265,apartment,公寓,0.5477979072175544
266,yearly,一,0.1927479643896208
267,playground,休闲,0.19224704669187273
269,walk,步入,0.2224202565232676
270,fireplace,火炉,0.2093814626576452
277,prefer,更,0.26576000222638335
278,house,整,0.2603863501348856
279,king,特大,0.07385193094675557
281,apartment,公寓,0.5477979072175544
287,house,房子,0.4337773603518676
291,utility,各,0.24257202855596605
302,house,房子,0.4337773603518676
303,house,整个,0.12032610075474857
304,house,房子,0.4337773603518676
307,email,发,0.2643401591344875
309,check,支票,0.26713132210482177
314,doorman,门卫,0.324771403061245
319,house,房子,0.4337773603518676
320,house,房子,0.4337773603518676
322,party,派对,0.17977000015583072
323,share,共用,0.4253315416033848
324,bar,酒吧,0.37766541443553386
325,couple,情侣,0.22204341775044098
326,lease,租约,0.39057615954143415
329,utility,各,0.24257202855596605
335,the,越,0.39501566098748103
336,apartment,公寓,0.5477979072175544
337,union,联合,0.2597623745648878
339,email,邮件,0.37032620847661013
341,pet,允许,0.09691663066738179
345,bathroom,浴室,0.5615115806879493
366,happy,气氛,0.09036718904039552
372,house,房子,0.4337773603518676
373,house,位于,0.04150946524557431
375,house,房子,0.4337773603518676
377,update,的,0.2607165975788838
380,house,整个,0.12032610075474857
381,scam,诈骗,0.3536136182508627
382,ps,备注,0.10068257648629814
385,house,房子,0.4337773603518676
386,available,可,0.36038924185131266
392,house,房子,0.4337773603518676
400,house,整套,0.17511366134471879
405,doorman,门卫,0.324771403061245
406,indoor,室内,0.33670953623712124
409,closet,衣柜,0.3760724294028726
411,bedroom,卧室,0.39530470390147243
412,apt,公寓,0.06604799920510378
419,summer,暑期,0.3987025612998429
421,email,发,0.2643401591344875
423,town,市内,0.34504579201666347
428,email,发,0.2643401591344875
432,see,看见,0.30929549557226454
436,gas,电气,0.04936707582027402
437,lobby,大厅,0.29280749018959396
440,lease,租约,0.39057615954143415
441,utility,服务,0.21863832372747893
444,house,房子,0.4337773603518676
446,lobby,大堂,0.36250283217824897
452,prefer,优先,0.18327672206683784
453,email,发,0.2643401591344875
461,doorman,门卫,0.324771403061245
464,lease,租约,0.39057615954143415
465,apartment,公寓,0.5477979072175544
470,garage,车库,0.33342765437943067
479,share,共用,0.4253315416033848
484,offer,找到,0.2549901134976989
486,house,整个,0.12032610075474857
488,or,或者,0.5181667574819785
489,house,房子,0.4337773603518676
496,available,目前,0.25529652654776125
500,email,邮箱,0.356676120556652
502,the,价格,0.05951352550807095
510,queen,标准,0.025762241253599747
515,leasing,租赁,0.33856230257807074
516,building,整,0.2545048855118428
519,doorman,门卫,0.324771403061245
520,deep,完全,0.22512823413872818
522,share,一起,0.2765516299635204
523,house,房子,0.4337773603518676
528,available,可,0.36038924185131266
529,free,免费,0.367614135130095
531,houses,房子,0.37280504353357485
532,utility,各,0.24257202855596605
537,utility,各,0.24257202855596605
540,garage,车库,0.33342765437943067
544,security,订金,0.0352095479203129
546,apartment,公寓,0.5477979072175544
549,house,房子,0.4337773603518676
551,house,房子,0.4337773603518676
554,nice,人,0.22034368323491893
555,king,特大,0.07385193094675557
557,hard,非,0.3285086002616664
561,nice,好,0.4184144385670674
563,dining,餐厅,0.37559825190037593
567,bedroom,卧室,0.39530470390147243
574,outdoor,户外,0.3814313618109846
575,bedrooms,卧室,0.3867391397527874
576,bedroom,每个,0.15641193048107735
585,month,每,0.3624169612616054
586,apt,公寓,0.06604799920510378
587,quarter,不用,0.11119185630843756
592,queen,标准,0.025762241253599747
597,share,共用,0.4253315416033848
598,queen,标准,0.025762241253599747
601,nice,好,0.4184144385670674
604,check,审查,0.148053289941839
606,house,房子,0.4337773603518676
608,bath,浴室,0.396273306467799
610,update,更新,0.49811098071081833
611,house,房子,0.4337773603518676
614,house,房子,0.4337773603518676
618,rooms,房子,0.2915649762785771
624,sewage,污水,0.5488642616184858
626,paper,纸巾,0.3224414992228847
628,email,发,0.2643401591344875
629,bathroom,共用,0.13165734755080238
638,nice,好,0.4184144385670674
644,house,房子,0.4337773603518676
645,month,每,0.3624169612616054
647,house,房子,0.4337773603518676
654,house,房子,0.4337773603518676
655,share,共用,0.4253315416033848
656,post,发布,0.07313180729675248
661,apartment,公寓,0.5477979072175544
662,queen,标准,0.025762241253599747
668,share,共用,0.4253315416033848
669,house,房子,0.4337773603518676
673,house,房子,0.4337773603518676
677,nice,善良,0.19838356707721552
680,apt,公寓,0.06604799920510378
681,house,房子,0.4337773603518676
683,email,邮件,0.37032620847661013
685,neighborhood,附近,0.333286251466226
686,queen,标准,0.025762241253599747
687,email,发,0.2643401591344875
688,bedroom,卧室,0.39530470390147243
692,closet,衣柜,0.3760724294028726
694,bonus,福利,0.12378581564666541
695,basement,地下室,0.44986362226444976
698,lease,租约,0.39057615954143415
699,nice,好,0.4184144385670674
700,house,房子,0.4337773603518676
713,location,位置,0.4217850084859205
714,share,共,0.31831286485927857
718,house,房子,0.4337773603518676
720,house,房子,0.4337773603518676
722,a,是,0.44440818131043275
723,apartment,公寓,0.5477979072175544
726,studio,带,0.19317207738131167
727,a,周,0.3472347449701557
728,half,盥洗,0.1774414785091078
729,house,房子,0.4337773603518676
730,apartments,公寓,0.4647746020114352
733,apartments,租,0.2772183494024449
734,park,临街,-8.800597026718433e-05
738,house,房子,0.4337773603518676
743,bus,巴士,0.4658802852087645
744,email,发,0.2643401591344875
745,lease,租约,0.39057615954143415
746,park,公园,0.38006315815475644
747,duplex,复式,0.18638827189242405
753,management,物业,0.16316072662632491
754,house,房子,0.4337773603518676
761,house,房子,0.4337773603518676
769,house,房子,0.4337773603518676
770,house,房子,0.4337773603518676
772,view,视野,0.22562502896870232
773,queen,标准,0.025762241253599747
775,queen,标准,0.025762241253599747
777,living,客厅,0.0793759370677999
790,apt,公寓,0.06604799920510378
791,house,住房,0.3113434963185353
792,house,房子,0.4337773603518676
797,garage,车库,0.33342765437943067
799,flexible,灵活,0.37743280132427454
802,queen,标准,0.025762241253599747
803,apartment,公寓,0.5477979072175544
806,apartment,公寓,0.5477979072175544
811,apt,公寓,0.06604799920510378
812,available,空缺,0.13570753506672162
816,apartment,公寓,0.5477979072175544
829,nice,很好,0.38678701167974355
834,house,房子,0.4337773603518676
840,house,房子,0.4337773603518676
843,bedroom,房间,0.3837614085741233
844,money,钱,0.45336970455236547
846,crime,犯罪,0.5880498999381654
853,house,独,0.2173001516910546
857,email,邮件,0.37032620847661013
858,utilities,配套,0.29372416492996506
862,house,房子,0.4337773603518676
864,house,独,0.2173001516910546
867,queen,较,0.1252867365597811
868,powder,化妆,0.15543668135200703
880,powder,化妆,0.15543668135200703
882,furniture,家具,0.5507536677662279
890,house,房子,0.4337773603518676
891,apartment,公寓,0.5477979072175544
892,living,客厅,0.0793759370677999
893,bathroom,淋浴,0.4776344628905835
894,email,邮件,0.37032620847661013
895,email,邮件,0.37032620847661013
897,email,邮件,0.37032620847661013
902,house,房子,0.4337773603518676
906,house,房子,0.4337773603518676
909,house,房子,0.4337773603518676
911,yearly,年,0.2533080608478699
912,washer,免费,0.061496087832583375
914,house,房子,0.4337773603518676
915,washer,洗衣机,0.3126464954039404
916,no,禁烟,0.07981094054503954
917,email,邮件,0.37032620847661013
924,topic,主题,0.17406168970726324
926,dining,餐厅,0.37559825190037593
930,cozy,紧凑,0.0910080786701152
931,house,房子,0.4337773603518676
939,house,房子,0.4337773603518676
944,email,邮件,0.37032620847661013
957,nice,好,0.4184144385670674
960,playground,操场,0.24088578336502098
964,everything,精装,0.050677806549529185
968,acc,会计,0.08822063452266515
974,bedroom,卧室,0.39530470390147243
978,party,聚会,0.1466246515298604
979,house,房间,0.31220148681110954
987,party,派对,0.17977000015583072
988,utilities,配套,0.29372416492996506
1005,chinese,中餐,0.15697980565548308
1009,balcony,阳台,0.3689119610275988
1011,plus,备注,0.18429799709202974
1012,offer,录取,0.0639628501615917
1022,apartment,公寓,0.5477979072175544
1034,email,邮件,0.37032620847661013
1038,email,邮件,0.37032620847661013
1040,house,房子,0.4337773603518676
1041,basement,地下室,0.44986362226444976
1043,email,邮件,0.37032620847661013
1044,queen,较,0.1252867365597811
1055,basement,地下室,0.44986362226444976
1056,house,房子,0.4337773603518676
1062,lease,租约,0.39057615954143415
1067,share,共享,0.45800022685020036
1069,garage,车库,0.33342765437943067
1091,dining,厨房,0.32313215945640245
1093,easy,好,0.39430411243830027
1094,house,房子,0.4337773603518676
1095,bedroom,卧室,0.39530470390147243
1112,parking,停车,0.20402886995928682
1113,bedroom,房间,0.3837614085741233
1117,lease,租约,0.39057615954143415
1120,centre,中央,0.21486466415770086
1126,party,聚会,0.1466246515298604
1127,share,共享,0.45800022685020036
1130,apartment,公寓,0.5477979072175544
1136,dining,厨房,0.32313215945640245
1138,share,共享,0.45800022685020036
1139,lease,租约,0.39057615954143415
1146,lease,租约,0.39057615954143415
1153,house,房子,0.4337773603518676
1155,living,客厅,0.0793759370677999
1161,apt,公寓,0.06604799920510378
1162,off,折扣,0.08950717904253461
1164,house,房子,0.4337773603518676
1165,house,房子,0.4337773603518676
1167,email,邮件,0.37032620847661013
1172,house,房子,0.4337773603518676
1174,window,窗户,0.3613117100484401
1176,house,房子,0.4337773603518676
1177,house,房子,0.4337773603518676
1180,house,房子,0.4337773603518676
1181,queen,较,0.1252867365597811
1186,email,邮件,0.37032620847661013
1187,house,房子,0.4337773603518676
1191,house,房子,0.4337773603518676
1193,set,套间,0.13523183133248198
1196,email,邮件,0.37032620847661013
1197,available,空余,0.22287785861899392
1202,basement,地下室,0.44986362226444976
1204,money,钱,0.45336970455236547
1206,safety,安全,0.5112353665928975
1215,prefer,想要,0.3004025099548555
1223,call,打,0.3231550617816078
1226,month,月,0.45159254960322665
1227,table,台灯,0.21442903013893738
1229,bill,账单,0.015936042297673612
1230,lease,租约,0.39057615954143415
1232,share,共,0.31831286485927857
1239,queen,较,0.1252867365597811
1256,neighbourhood,邻里,0.35401944942803043
1259,nice,好,0.4184144385670674
1263,pattern,模式,0.30405178973361263
1270,living,客厅,0.0793759370677999
1272,whole,一,0.27778966953494555
1281,living,客厅,0.0793759370677999
1282,basement,地下室,0.44986362226444976
1292,apartment,公寓,0.5477979072175544
1296,bedroom,卧室,0.39530470390147243
1298,apartment,公寓,0.5477979072175544
1300,keep,保持,0.2847699424040477
1302,month,月,0.45159254960322665
1306,apartment,公寓,0.5477979072175544
1309,queen,较,0.1252867365597811
1310,diner,晚饭,0.22882666966222995
1311,king,最,0.2429677650944161
1312,bedroom,房间,0.3837614085741233
1322,deposit,存款,0.4012206594861577
1323,all,你,0.39059938644012276
1327,apartment,公寓,0.5477979072175544
1329,living,客厅,0.0793759370677999
1332,house,房子,0.4337773603518676
1343,bedroom,房间,0.3837614085741233
1346,house,房子,0.4337773603518676
1360,the,价格,0.05951352550807095
1363,utility,使用,0.2738509301422503
1366,house,房子,0.4337773603518676
1369,free,免费,0.367614135130095
1371,maintenance,修理,0.4038225634762203
1373,easy,还原,-0.02453139345297338
1375,property,资产,0.24631038207662131
1376,share,共享,0.45800022685020036
1382,house,房子,0.4337773603518676
1384,lease,租约,0.39057615954143415
1385,bedroom,房间,0.3837614085741233
1388,apartment,公寓,0.5477979072175544
1393,email,邮件,0.37032620847661013
1394,apt,整套,0.10618440228098515
1398,house,房子,0.4337773603518676
1399,couple,情侣,0.22204341775044098
1401,utilities,使用,0.18257018340594813
1402,bedroom,房间,0.3837614085741233
1403,email,邮件,0.37032620847661013
1406,about,关于,0.31144541918559937
1408,apartment,公寓,0.5477979072175544
1419,basement,地下室,0.44986362226444976
1429,email,邮件,0.37032620847661013
1431,air,空调,0.09867677572795891
1439,living,客厅,0.0793759370677999
1441,living,客厅,0.0793759370677999
1442,dining,餐厅,0.37559825190037593
1451,summer,夏季,0.546717513479767
1458,nice,好,0.4184144385670674
1460,nice,好,0.4184144385670674
1461,house,房子,0.4337773603518676
1471,apt,公寓,0.06604799920510378
1476,management,管理人,0.19391631917053925
1477,bedroom,卧室,0.39530470390147243
1485,wireless,无,0.16740948059412797
1486,nice,好,0.4184144385670674
1492,lease,租约,0.39057615954143415
1502,bedroom,卧室,0.39530470390147243
1503,bedroom,卧室,0.39530470390147243
1510,shopping,购物,0.35689778285777984
1511,house,房子,0.4337773603518676
1512,share,共享,0.45800022685020036
1513,parking,停车,0.20402886995928682
1515,lease,租约,0.39057615954143415
1522,share,分享,0.4866307151167275
1525,apartment,公寓,0.5477979072175544
1527,living,客厅,0.0793759370677999
1528,sheet,床单,0.3203850521396724
1529,baby,婴儿,0.42596066861751364
1530,email,邮件,0.37032620847661013
1536,screen,屏幕,0.46951605890603876
1538,purple,紫色,0.46342575348697473
1539,dealer,卖,0.2541524366209326
1545,nice,好,0.4184144385670674
1546,garden,花园,0.3679229840710872
1547,manager,经理,0.341061091108894
1550,paper,论文,0.23751751514673677
1555,house,住房,0.3113434963185353
1557,clean,无,0.2537356656416624
1566,family,家庭,0.46659184984954677
1569,clean,无,0.2537356656416624
1572,sale,促销,0.21006720839048493
1577,ornaments,装饰,0.3112650597796615
1579,white,白板,0.2025050321211338
1584,list,列表,0.5275786560558618
1594,baby,婴儿,0.42596066861751364
1605,sold,销售,0.24266661145673254
1616,fan,风扇,0.25246228055544917
1620,tab,按键,0.2303767150349824
1628,inspection,检查,0.22192415184473505
1629,message,联系,0.2706351917586685
1631,prepaid,提前,0.08552163683103008
1632,plan,套餐,0.11278086014573643
1643,text,只,0.2553804218101253
1645,available,空闲,0.22957387436344037
1646,clean,无,0.2537356656416624
1650,integrated,整合,0.5105671859315776
1657,email,邮件,0.37032620847661013
1663,liability,责任,0.3124465718311971
1668,dealer,汽车,0.09758309550294768
1669,miles,英里,0.5042054738330801
1670,feature,几,0.2956258051419955
1673,full,标准,0.1367504440499621
1676,owner,车主,0.25185592328626166
1687,moving,搬家,0.27929542500094956
1688,queen,较大,0.021291995248249592
1693,area,地区,0.2720251198318404
1698,second,第二,0.6607122839353335
1699,full,标准,0.1367504440499621
1701,clean,无,0.2537356656416624
1702,update,更新,0.49811098071081833
1703,queen,较,0.1252867365597811
1705,message,信息,0.33702135500156427
1713,text,讯息,0.2576244281369602
1714,beats,耳机,0.11728817972835343
1715,reading,读书,0.19579143327049392
1716,pick,领取,0.1923286576332768
1719,clean,无,0.2537356656416624
1720,check,支票,0.26713132210482177
1730,burner,火炉,0.2560681714567806
1731,soda,苏打,0.30746047508366964
1733,clean,无,0.2537356656416624
1737,email,邮件,0.37032620847661013
1749,seasoning,季度,0.062321182634390966
1751,apartment,公寓,0.5477979072175544
1754,clean,无,0.2537356656416624
1758,sale,销售,0.31048381988575646
1768,box,盒子,0.4480345148605904
1769,heater,自,0.178400933870304
1772,update,更新,0.49811098071081833
1774,plan,计划,0.375056637422237
1775,yard,庭院,0.1496684259716597
1783,clean,无,0.2537356656416624
1800,call,打,0.3231550617816078
1820,thx,谢谢,0.20578219745814896
1827,queen,较,0.1252867365597811
1830,size,大小,0.5471131030160341
1832,post,帖子,0.1457313383334012
1833,moving,持续,0.0926537449622575
1835,thread,帖子,0.22390840422516792
1839,mechanic,修理工,0.3313501156717158
1840,moving,持续,0.0926537449622575
1845,moving,持续,0.0926537449622575
1847,update,更新,0.49811098071081833
1850,twin,双,0.3581477306961399
1851,condition,条件,0.3217275519179197
1852,moving,持续,0.0926537449622575
1853,full,标准,0.1367504440499621
1858,full,标准,0.1367504440499621
1863,bug,漏洞,0.34521322228820633
1870,apartment,公寓,0.5477979072175544
1877,native,说,0.1896528847896425
1878,proof,证明,0.46229761126021196
1883,flex,校内,0.07519357339076733
1892,parking,停车,0.20402886995928682
1893,gated,门禁,0.13688017476438724
1905,summer,夏季,0.546717513479767
1907,college,大学,0.3827698607390702
1912,permit,停车,0.027216024003334435
1913,family,家庭,0.46659184984954677
0,confirm,确认,0.3877236850235417
8,nice,友善,0.3195323883743733
13,jfk,肯尼迪,0.3663312353555664
15,jfk,肯尼迪,0.3663312353555664
20,hello,大家,0.3728491541947251
22,park,在,0.2237213489331209
24,fall,秋季,0.3996984225475929
27,visitor,访客,0.3322497222217137
29,nice,友善,0.3195323883743733
38,master,研究生,0.03207234718401244
40,paperwork,文书,0.1108007546970936
44,m,月,0.2934795634212619
47,quote,报价,-0.01029761925754073
49,party,派对,0.17977000015583072
50,rental,租金,0.4538015396931978
54,fully,全家,0.06872477992478701
59,summer,暑假,0.3674382827917447
61,office,办公室,0.5114051147175825
65,graduate,研究生,0.3400780377769581
67,corner,街角,0.377814344197447
72,phd,博士,0.5070729835493016
75,free,免费,0.367614135130095
80,in,是,0.46294299862494637
82,summer,暑期,0.3987025612998429
85,tv,已,0.19840395434281266
92,purchase,购买,0.4098042364046436
99,building,楼,0.3845173097155118
106,ride,搭车,0.39717358316871726
108,ride,搭车,0.39717358316871726
110,master,硕士,0.1315209399460246
113,queen,一,0.2501185483693091
119,jfk,肯尼迪,0.3663312353555664
121,clean,拖车,-0.026724886029686125
122,hello,你,0.43066283734757604
123,office,物业,0.10828188990860649
149,house,房子,0.4337773603518676
150,update,更新,0.49811098071081833
153,apartment,住房,0.29181756409138493
154,mid,三月,0.15635644336949597
155,office,物业,0.10828188990860649
162,email,邮件,0.37032620847661013
164,sorry,抱歉,0.5081224271607627
166,bbs,美国,0.008034848157303941
170,field,牧场,0.07574610744590685
171,fully,全,0.30761632206587985
172,office,官方,0.1804817194164811
173,share,共用,0.4253315416033848
175,deposit,押金,0.37377001152114125
178,microwave,微波炉,0.37011995768354133
179,ride,搭车,0.39717358316871726
182,full,一,0.27947914315567873
183,nice,好,0.4184144385670674
188,queen,一,0.2501185483693091
190,full,一,0.27947914315567873
193,party,派对,0.17977000015583072
202,ride,搭车,0.39717358316871726
205,shift,轮流,0.15444957087767616
208,summer,暑期,0.3987025612998429
210,happy,开心,0.2643867513915101
214,nice,好,0.4184144385670674
219,how,怎么,0.27795955502373615
223,hesitate,别,0.21372325161005473
229,ride,搭车,0.39717358316871726
230,ride,顺风,0.1319270328471433
235,ride,搭车,0.39717358316871726
236,office,小区,0.06759674019542046
239,ride,搭车,0.39717358316871726
240,security,有,0.21127001418120112
241,check,托运,-0.09905625835273443
243,ride,搭车,0.39717358316871726
248,party,派对,0.17977000015583072
252,agent,代理,0.26035572253729633
253,agent,代理,0.26035572253729633
254,agent,代理,0.26035572253729633
255,ps,顺便,0.18093294372543042
256,limited,限制,0.41761527958065364
259,agent,代理,0.26035572253729633
262,agent,代理,0.26035572253729633
263,agent,代理,0.26035572253729633
265,defamation,诽谤,0.35549797138404376
266,review,言行,0.15298281894067736
268,defamation,诽谤,0.35549797138404376
269,defamation,诽谤,0.35549797138404376
270,office,官方,0.1804817194164811
274,coverage,覆盖,0.009667538782758781
276,my,我,0.4589457343373241
281,queen,一,0.2501185483693091
286,office,小区,0.06759674019542046
290,updated,更新,0.5117784005924194
291,share,共用,0.4253315416033848
301,email,邮箱,0.356676120556652
304,office,物业,0.10828188990860649
305,last,最后,0.3958807296325292
306,full,浴缸,0.07965574202209247
309,visitor,访客,0.3322497222217137
315,ride,搭车,0.39717358316871726
320,party,派对,0.17977000015583072
322,no,不要,0.19653326859423617
325,immigration,移民,0.5634410916844134
326,free,免费,0.367614135130095
327,free,免费,0.367614135130095
329,ride,搭车,0.39717358316871726
330,utility,账单,0.0070073071717759
332,model,模式,0.2756752760060384
334,intermittent,间接,0.10521816652631354
337,building,大楼,0.375580210193885
340,basement,地下室,0.44986362226444976
341,apartment,小区,0.21862419476555145
344,share,分摊,0.22706371368679987
345,young,年轻,0.37956022772434617
352,parking,停车,0.20402886995928682
357,honda,宏大,0.043366377170173255
359,ride,搭车,0.39717358316871726
360,ride,搭车,0.39717358316871726
366,ride,搭车,0.39717358316871726
368,email,电子,0.09676935838185234
370,circle,圆形,0.2002232254135672
371,very,好,0.3713509608011772
373,office,办公室,0.5114051147175825
376,ride,搭车,0.39717358316871726
379,ride,搭车,0.39717358316871726
380,nice,友善,0.3195323883743733
381,party,派对,0.17977000015583072
383,the,唯一,0.41275462178997
384,offer,录取,0.0639628501615917
385,flexible,时间,0.029495891218461658
388,full,全日制,0.06716529312725444
389,team,小组,0.018711934944914094
391,quiz,测验,0.18433383670190737
394,property,财产,0.3670549009548815
396,king,二,0.25693372641659545
401,living,客厅,0.0793759370677999
402,professional,有,0.2143030868789963
403,two,两,0.5490262021461204
408,dealer,汽车,0.09758309550294768
412,ride,搭车,0.39717358316871726
415,gre,研究生,-0.003717738723158972
416,medium,媒体,0.09905572445071326
419,bonus,附加,0.3168795171721846
420,just,跳舞,0.14771544898716849
425,deal,处理,0.11154683045507077
427,bedroom,卧室,0.39530470390147243
428,theme,主题,0.3597073712537776
429,show,表演,0.2916620024807573
434,navigation,航行,0.3341255252890368
435,final,期末,0.21438460790559286
438,modem,调制,0.12879512761743472
439,pass,证,0.3064605844190803
444,furnished,有,0.2163397979495991
445,size,尺寸,0.5540887790016653
452,guest,访客,0.2024927246424417
455,waive,换,0.17471305915207566
457,nice,友善,0.3195323883743733
461,full,带,0.19187773686505621
463,physics,物理,0.5394598078914868
464,ride,搭车,0.39717358316871726
467,email,发,0.2643401591344875
474,graduate,研究生,0.3400780377769581
475,undergraduate,本科,0.4397563419032396
480,queen,一,0.2501185483693091
481,queen,一,0.2501185483693091
482,ta,教学,0.03711419404865127
488,utilities,公共,0.32126337298269153
492,party,爱,0.15308125684337215
493,ride,搭车,0.39717358316871726
503,phd,博士,0.5070729835493016
504,mile,英里,0.42516979997268495
506,gift,礼物,0.39560555122478247
508,ride,搭车,0.39717358316871726
509,ride,搭车,0.39717358316871726
511,waiver,弃权,0.14236959148598213
515,ride,搭车,0.39717358316871726
530,cash,只,0.2755700337473424
533,office,小区,0.06759674019542046
534,bedroom,卧室,0.39530470390147243
538,office,官方,0.1804817194164811
541,hi,好,0.32485205968018227
551,club,还有,0.05860408232915267
557,bus,巴士,0.4658802852087645
564,hi,嗨,0.2635826834840101
569,nice,好,0.4184144385670674
571,fall,秋季,0.3996984225475929
577,full,大,0.30450485873782607
580,free,免费,0.367614135130095
583,update,更新,0.49811098071081833
585,ride,搭车,0.39717358316871726
587,living,客厅,0.0793759370677999
589,month,月,0.45159254960322665
593,request,要求,0.4438431801876758
598,mock,模拟,0.18716232118681936
599,profile,文件,0.16053557462380855
602,party,派对,0.17977000015583072
603,house,独,0.2173001516910546
605,queen,一,0.2501185483693091
608,party,派对,0.17977000015583072
609,orientation,新生,0.15883802394232008
611,living,客厅,0.0793759370677999
613,ride,搭车,0.39717358316871726
616,free,免费,0.367614135130095
620,officer,办公室,0.17387983682305672
621,ride,搭车,0.39717358316871726
626,party,派对,0.17977000015583072
628,ride,搭车,0.39717358316871726
643,bedroom,卧室,0.39530470390147243
645,king,超大,0.12232887900307872
654,shoe,还有,0.030380953787282786
659,bus,离,0.19494803433674546
660,house,房子,0.4337773603518676
668,living,客厅,0.0793759370677999
670,update,更新,0.49811098071081833
675,fully,家,0.20743547706740742
676,building,楼,0.3845173097155118
677,brother,兄弟,0.45980661233932874
680,queen,一,0.2501185483693091
684,share,共用,0.4253315416033848
689,nice,友好,0.24230216796034143
691,picture,图片,0.400364037144451
692,picture,图片,0.400364037144451
693,apartment,公寓,0.5477979072175544
698,summer,暑期,0.3987025612998429
701,playground,操场,0.24088578336502098
707,cover,给,0.2879012275661106
709,queen,一,0.2501185483693091
715,fall,带,0.2609969179841672
716,half,不,0.319264660465635
719,project,项目,0.3682829746146453
724,queen,一,0.2501185483693091
725,high,高中,0.3300794631047498
728,email,邮箱,0.356676120556652
729,email,邮件,0.37032620847661013
730,preferred,最好,0.19381500937682739
733,nice,好,0.4184144385670674
738,warranty,担保,0.16416856682715358
740,full,全,0.33744267525196125
748,apartment,公寓,0.5477979072175544
754,deck,露天,0.18347725787766467
755,fall,秋季,0.3996984225475929
758,expended,已,0.17023719995060196
762,party,派对,0.17977000015583072
765,car,车,0.4756505618189587
766,moderate,中等,0.3898597857806433
767,state,州,0.46302271412373486
772,security,保证金,0.026150437880961826
773,min,分,0.36530250856483915
777,ie,工业,-0.009418217197085977
778,thanks,谢谢,0.3391111881354
780,ride,搭车,0.39717358316871726
781,bedroom,卧室,0.39530470390147243
782,clear,无,0.258831294456159
783,nice,好,0.4184144385670674
787,high,就是,0.23199662890458123
788,email,邮件,0.37032620847661013
800,building,楼房,0.2797577778790859
802,size,尺寸,0.5540887790016653
803,willing,愿意,0.3955094845518597
805,inspection,检查,0.22192415184473505
807,state,州,0.46302271412373486
808,college,学校,0.343058159311565
809,high,高中,0.3300794631047498
816,ride,搭车,0.39717358316871726
831,bus,号,0.2146196581333045
834,clean,无,0.2537356656416624
835,family,家庭,0.46659184984954677
839,office,办公室,0.5114051147175825
844,share,共用,0.4253315416033848
846,ride,五,0.22699727232699926
851,pass,卡,0.29591870962131933
856,apartment,公寓,0.5477979072175544
859,days,日程,0.2709411748112156
866,party,派对,0.17977000015583072
867,buss,包公,-0.042051029071622704
868,ride,搭车,0.39717358316871726
870,lease,租金,0.3495528373460306
872,lease,租金,0.3495528373460306
873,party,派对,0.17977000015583072
874,baby,婴儿,0.42596066861751364
878,ride,拼,0.26928348099659916
879,title,头衔,0.3492031524383253
882,party,派对,0.17977000015583072
892,cable,光纤,0.1708349130410476
894,apartment,公寓,0.5477979072175544
895,apartment,公寓,0.5477979072175544
912,size,大小,0.5471131030160341
914,phd,研究生,0.2888581913663394
918,pass,卡,0.29591870962131933
919,pass,卡,0.29591870962131933
934,email,邮箱,0.356676120556652
939,shared,公共,0.22426978147896165
941,share,公共,0.2134201622104426
944,apt,公寓,0.06604799920510378
945,individual,独立,0.1495114157445281
947,free,免费,0.367614135130095
963,clean,干净,0.4195049620662766
966,party,派对,0.17977000015583072
967,mock,模拟,0.18716232118681936
969,yellow,黄色,0.4475136853139385
971,share,公共,0.2134201622104426
972,walk,壁橱,0.16573232321792983
980,line,线,0.4504753439029391
981,garage,车库,0.33342765437943067
983,garage,车库,0.33342765437943067
984,garage,车库,0.33342765437943067
989,lab,实验室,0.5248819575322774
992,family,家庭,0.46659184984954677
995,couple,情侣,0.22204341775044098
996,lease,租金,0.3495528373460306
999,permit,许可证,0.444851272417686
1004,full,全,0.33744267525196125
1014,share,公共,0.2134201622104426
1018,family,家庭,0.46659184984954677
1019,lease,租金,0.3495528373460306
1024,hello,你,0.43066283734757604
1035,mean,刻薄,0.15715150957620985
1036,mean,刻薄,0.15715150957620985
1039,lease,租金,0.3495528373460306
1040,lease,租金,0.3495528373460306
1045,can,你,0.34039508647671657
1051,floor,平面图,0.20711662706070397
1054,email,电子,0.09676935838185234
1058,hello,你,0.43066283734757604
1061,car,汽车,0.3789493118775724
1064,email,电子,0.09676935838185234
1071,jfk,肯尼迪,0.3663312353555664
1072,list,列表,0.5275786560558618
1078,couple,情侣,0.22204341775044098
1082,biotechnology,生物,0.385940294803355
1089,house,房子,0.4337773603518676
1093,share,公共,0.2134201622104426
1096,prefer,比较,0.22303859951358915
1097,utilities,设备,0.2242870343030892
1098,share,公共,0.2134201622104426
1099,full,完整,0.3463582827605414
1100,part,部分,0.4430523354837738
1101,clean,干净,0.4195049620662766
1103,hello,你,0.43066283734757604
1109,twin,双胞胎,0.24867745415836343
1112,full,完整,0.3463582827605414
1113,meal,饮食,0.29426355549371686
1114,prefer,比较,0.22303859951358915
1120,party,派对,0.17977000015583072
1121,lease,租金,0.3495528373460306
1122,access,进入,0.23319756245493248
1132,fee,钱,0.23452832121644518
1134,master,文科,0.15145007360455046
1136,one,单,0.3699188383694043
1140,share,公共,0.2134201622104426
1141,lease,租金,0.3495528373460306
1144,hello,你,0.43066283734757604
1147,gift,礼物,0.39560555122478247
1149,free,免费,0.367614135130095
1151,tips,建议,0.054607650396750265
1152,low,低级,0.2335387150107116
1154,info,信息,0.25399274359374824
1156,house,房子,0.4337773603518676
1160,office,办事处,0.35963237527496716
1162,square,尺,0.3637885001402968
1164,visa,签证,0.4432829624333821
1165,share,公共,0.2134201622104426
1166,reserved,预约,0.19203675633682102
1169,ride,五,0.22699727232699926
1170,civil,土木,0.1872028670214667
1172,share,分担,0.29241062662068096
1174,share,公共,0.2134201622104426
1176,house,房子,0.4337773603518676
1178,phd,研究生,0.2888581913663394
1182,ask,查找,0.22436302640395342
1189,jfk,肯尼迪,0.3663312353555664
1191,party,派对,0.17977000015583072
1203,cover,包含,0.34404966465183723
1204,cover,包含,0.34404966465183723
1209,lease,租金,0.3495528373460306
1210,utility,设施,0.2182504146272075
1219,share,公共,0.2134201622104426
1220,share,公共,0.2134201622104426
1227,person,人,0.36360714974999586
1231,deliver,发出,0.23362996197682784
1237,jfk,肯尼迪,0.3663312353555664
1239,studio,工作,0.23380195713247715
1240,shared,共,0.27239264068414526
1247,office,办事处,0.35963237527496716
1255,final,期末,0.21438460790559286
1261,social,社会,0.41306212958517385
1267,good,优良,0.23568504481856625
1271,jfk,肯尼迪,0.3663312353555664
1272,bar,酒吧,0.37766541443553386
1275,nice,好,0.4184144385670674
1276,furnished,装修,0.13473034232568606
1279,party,派对,0.17977000015583072
1287,sorry,对不起,0.18008408223891256
1291,hello,你,0.43066283734757604
1294,available,有,0.31140821540111185
1295,title,头衔,0.3492031524383253
1308,lease,租金,0.3495528373460306
1310,utility,设施,0.2182504146272075
1312,car,汽车,0.3789493118775724
1315,party,派对,0.17977000015583072
1317,available,有,0.31140821540111185
1320,oil,油箱,0.21518170443943596
1322,campus,校园,0.38890072070156345
1325,cable,电缆,0.30354197203442795
1327,update,更新,0.49811098071081833
1329,lease,租金,0.3495528373460306
1330,office,办事处,0.35963237527496716
1331,office,办事处,0.35963237527496716
1332,jfk,肯尼迪,0.3663312353555664
1336,furnished,装修,0.13473034232568606
1341,party,派对,0.17977000015583072
1343,final,期末,0.21438460790559286
1344,final,期末,0.21438460790559286
1346,damage,损坏,0.3827731389196535
1347,student,学生,0.407831027289769
1349,permit,许可证,0.444851272417686
1352,share,公共,0.2134201622104426
1355,sorry,对不起,0.18008408223891256
1357,august,八月,0.5387367503322832
1359,gym,健身房,0.43669741794169276
1360,gym,健身房,0.43669741794169276
1362,moving,搬家,0.27929542500094956
1369,funding,资金,0.3568697520983229
1370,email,电子,0.09676935838185234
1373,email,邮件,0.37032620847661013
1376,mall,商场,0.30079397707157085
1377,email,电子,0.09676935838185234
1380,guest,客人,0.3760200641789871
1384,lease,租金,0.3495528373460306
1388,state,州,0.46302271412373486
1392,ps,另外,0.2665693855526683
1394,prefer,比较,0.22303859951358915
1396,leadership,领导,0.22656345382116524
1402,state,州,0.46302271412373486
1403,dealer,零售商,0.20479695913969118
1404,state,州,0.46302271412373486
1406,cable,光纤,0.1708349130410476
1413,phd,研究生,0.2888581913663394
1419,club,俱乐部,0.49125557158218924
1421,lease,租金,0.3495528373460306
1423,nice,好,0.4184144385670674
1434,grocery,杂货,0.2853406146153543
1437,all,所有,0.5877876533000481
1441,email,电子,0.09676935838185234
1442,email,电子,0.09676935838185234
1444,charge,收费,0.07438295084368003
1445,argue,争论,0.2405141933685884
1451,hello,你,0.43066283734757604
1453,activity,活动,0.37978761901402996
1454,lease,租金,0.3495528373460306
1455,sponsor,赞助,0.35981066587896
1456,l,队员,0.01816663279120926
1457,resume,简历,0.07044591019192956
1458,share,公共,0.2134201622104426
1471,code,代码,0.29527253500160794
1477,deal,一,0.2533924825532207
1481,dealer,零售商,0.20479695913969118
1487,studio,工作室,0.4811803640596568
1490,email,电子,0.09676935838185234
1492,house,房子,0.4337773603518676
1493,walk,壁橱,0.16573232321792983
1495,ride,五,0.22699727232699926
1496,share,公共,0.2134201622104426
1502,refer,参照,0.1989872606093167
1505,examination,测试,0.1931751709385965
1509,jfk,肯尼迪,0.3663312353555664
1510,bid,出价,0.23606802217921535
1511,bid,出价,0.23606802217921535
1512,office,办事处,0.35963237527496716
1514,ride,五,0.22699727232699926
1516,email,邮件,0.37032620847661013
1520,share,公共,0.2134201622104426
1521,utility,设施,0.2182504146272075
1525,ineligible,不,0.2394984649563702
1527,lady,女士,0.35476921237811343
1535,overnight,过夜,0.33183988394893765
1536,mall,大,0.22367330183368547
1549,stakeholders,利益,0.23727128997460945
1550,studio,工作室,0.4811803640596568
1551,cover,包含,0.34404966465183723
1554,nice,很好,0.38678701167974355
1556,available,如有,0.2246399240900742
1558,email,邮件,0.37032620847661013
1559,firestone,火石,0.16977992238921533
1564,party,派对,0.17977000015583072
1568,post,帖子,0.1457313383334012
1569,pictures,图片,0.35421154274286765
1571,spring,春天,0.5082069177534663
1572,bbs,论坛,0.14860619047558146
1575,trick,技巧,0.34684379080981076
1579,permit,许可证,0.444851272417686
1586,break,打破,0.4835138505940605
1590,share,公共,0.2134201622104426
1600,visa,签证,0.4432829624333821
1605,fully,完全,0.44074794711028087
1607,prefer,比较,0.22303859951358915
1608,break,打破,0.4835138505940605
1626,lease,租金,0.3495528373460306
1630,park,公园,0.38006315815475644
1632,share,公共,0.2134201622104426
1636,free,免费,0.367614135130095
1639,powered,动力,0.2522397817267844
1640,family,家庭,0.46659184984954677
1644,toilet,厕所,0.46278998096437346
1646,tennis,网球,0.4444435191459238
1647,seek,寻找,0.2941995718363981
1651,preferred,偏爱,0.27135828110536797
1653,hello,你,0.43066283734757604
1656,nice,好,0.4184144385670674
1657,would,你,0.3354625541348236
1662,dealer,零售商,0.20479695913969118
1664,email,电子,0.09676935838185234
1667,couple,情侣,0.22204341775044098
1668,main,主,0.423513169571228
1673,ride,五,0.22699727232699926
1676,me,我,0.506539576150994
1678,excellent,优秀,0.33029303251926084
1680,family,家庭,0.46659184984954677
1685,money,钱,0.45336970455236547
1686,applied,应用,0.2074967878833063
1688,small,小,0.501711233659272
1690,office,办,0.28774500677211073
1691,available,还是,0.10779397481769887
1694,nice,好,0.4184144385670674
1698,resident,居民,0.34828461170565406
1702,office,办事处,0.35963237527496716
1714,gre,美国,-0.001626261568943719
1718,nice,好,0.4184144385670674
1722,king,特大,0.07385193094675557
1723,party,派对,0.17977000015583072
1727,mini,迷你,0.4281487561408661
1728,tag,标签,0.2112523400220874
1733,hotel,旅店,0.4508610591933834
1734,couple,情侣,0.22204341775044098
1735,family,家庭,0.46659184984954677
1740,hello,你,0.43066283734757604
1753,standard,标准,0.4826804729446468
1764,hello,你,0.43066283734757604
1765,tag,标签,0.2112523400220874
1769,hello,你,0.43066283734757604
1770,fee,减免,0.13362750755190983
1771,in,在,0.4948637761762885
1775,holder,所有,0.1584208259170878
1779,permit,许可证,0.444851272417686
1789,passport,带着,0.19469882932325072
1793,prefer,比较,0.22303859951358915
1795,size,大小,0.5471131030160341
1796,deliver,发出,0.23362996197682784
1798,size,大小,0.5471131030160341
1800,bbs,论坛,0.14860619047558146
1802,referral,引荐,0.01692738032965185
1804,phd,研究生,0.2888581913663394
1805,utility,设施,0.2182504146272075
1808,bbs,论坛,0.14860619047558146
1809,moving,搬家,0.27929542500094956
1811,mile,英里,0.42516979997268495
1816,site,网站,0.3054926351797818
1817,gym,健身房,0.43669741794169276
1818,lease,租金,0.3495528373460306
1821,box,箱子,0.40025144202284996
1826,availability,可用性,0.2626580517397101
1829,no,禁止,0.23889505681461193
1835,cleaning,清理,0.4626162784692056
1836,prefer,比较,0.22303859951358915
1838,due,由于,0.41130625530905884
1843,house,房子,0.4337773603518676
1844,bedroom,卧室,0.39530470390147243
1848,couple,情侣,0.22204341775044098
1851,utility,设施,0.2182504146272075
1853,share,公共,0.2134201622104426
1857,house,房子,0.4337773603518676
1858,preferred,偏爱,0.27135828110536797
1860,recycle,回收,0.4698865344123421
0,baby,儿童,0.22420603923256094
2,a,一,0.3529682014549467
3,three,三,0.5433248733111089
21,blender,搅拌机,0.2892145512781855
24,email,电子,0.09676935838185234
25,clean,干净,0.4195049620662766
26,clean,干净,0.4195049620662766
35,reliable,可靠,0.4577816240534789
36,family,家庭,0.46659184984954677
39,clean,干净,0.4195049620662766
40,sale,出售,0.6064220039521652
41,brother,兄弟,0.45980661233932874
43,clean,干净,0.4195049620662766
44,paper,文章,0.3157615984722121
50,hello,你,0.43066283734757604
63,clean,干净,0.4195049620662766
64,relocate,搬家,0.2813837020356431
67,condition,状态,0.29601954461712016
68,fan,风扇,0.25246228055544917
69,front,前面,0.38028527625926084
71,tv,电视,0.4348055755993059
72,cable,线,0.20199545105499495
78,inspection,检查,0.22192415184473505
82,ask,需要,0.28560962362079756
86,party,聚会,0.1466246515298604
88,king,超大,0.12232887900307872
89,clean,干净,0.4195049620662766
90,car,汽车,0.3789493118775724
91,room,房,0.45584744845464237
92,modem,调制,0.12879512761743472
94,smooth,平稳,0.29840724864296025
100,standard,标准,0.4826804729446468
101,near,近,0.26986658624383036
102,thx,谢谢,0.20578219745814896
110,baby,婴儿,0.42596066861751364
118,report,报告,0.27928086508389355
123,size,大小,0.5471131030160341
124,case,外壳,0.05854612717859072
129,inspection,检查,0.22192415184473505
131,centre,最,0.25508551945454466
132,pick,拿,0.3332887592381365
134,message,短信,0.3849523655647387
135,mic,麦克风,0.3111929028363933
137,sold,已,0.15882700776299918
141,integrated,集成,0.2654598460641025
143,code,代码,0.29527253500160794
164,update,更新,0.49811098071081833
167,condition,状态,0.29601954461712016
173,available,有效,0.2722772904125673
175,standard,标准,0.4826804729446468
177,clean,干净,0.4195049620662766
178,condo,公寓,0.4104215375696682
180,party,聚会,0.1466246515298604
182,update,更新,0.49811098071081833
183,available,有效,0.2722772904125673
187,free,免费,0.367614135130095
189,free,免费,0.367614135130095
191,street,提供,0.1023409545453935
192,house,大,0.284505602906224
193,email,电子,0.09676935838185234
196,house,住宅,0.36722464310756453
197,usd,美,0.20182609263168833
200,pet,宠物,0.40634409805809457
201,email,电子,0.09676935838185234
205,email,电子,0.09676935838185234
206,house,住宅,0.36722464310756453
207,living,客厅,0.0793759370677999
208,house,住宅,0.36722464310756453
209,master,硕士,0.1315209399460246
211,security,保证金,0.026150437880961826
212,shuttle,摆渡,0.17208191158139924
214,living,客厅,0.0793759370677999
217,living,客厅,0.0793759370677999
218,full,完全,0.28537377241035017
219,all,全,0.3919208295484328
220,room,房间,0.46054308979067976
222,update,更新,0.49811098071081833
227,lease,合同,0.3400603905383477
230,full,完整,0.3463582827605414
233,leasing,负责,0.0966750026964475
241,apartments,公寓,0.4647746020114352
243,doorman,门卫,0.324771403061245
247,house,住宅,0.36722464310756453
248,lease,合同,0.3400603905383477
251,full,完整,0.3463582827605414
252,studio,工作室,0.4811803640596568
254,lease,合同,0.3400603905383477
259,nice,好,0.4184144385670674
262,or,或者,0.5181667574819785
263,attached,附属,0.20164326593139725
264,panel,面板,0.3120015797196486
265,attached,附属,0.20164326593139725
267,all,全,0.3919208295484328
272,to,去,0.4616302209859524
279,shuttle,摆渡,0.17208191158139924
289,single,好的,0.24939641817924035
294,rich,富人,0.33234820595692866
296,summer,暑假,0.3674382827917447
305,apt,公寓,0.06604799920510378
308,manager,物,0.07430241090914605
309,available,还是,0.10779397481769887
313,share,共,0.31831286485927857
314,young,年轻,0.37956022772434617
322,manager,经理,0.341061091108894
332,nice,好,0.4184144385670674
333,bedroom,卧室,0.39530470390147243
335,nice,好,0.4184144385670674
353,view,风景,0.12695047744525065
358,free,免费,0.367614135130095
360,bedding,床上,0.2472165470885547
365,lobby,大厅,0.29280749018959396
372,playground,操场,0.24088578336502098
383,sorry,对不起,0.18008408223891256
388,text,短信,0.1475806527886923
389,house,独,0.2173001516910546
402,security,保证金,0.026150437880961826
407,prefer,倾向于,0.2794887551259816
410,doorman,门卫,0.324771403061245
412,floor,平面图,0.20711662706070397
422,traffic,交通,0.3871440190312335
423,off,露天,0.11447192490563284
431,text,短信,0.1475806527886923
433,share,共享,0.45800022685020036
444,lease,合同,0.3400603905383477
463,apartment,公寓,0.5477979072175544
466,still,依旧,0.3571950301361631
471,floor,平面图,0.20711662706070397
472,full,完整,0.3463582827605414
475,gym,体育馆,0.3439785317845443
488,popular,受,0.26286168172959856
489,preferred,比较,0.1991642763767936
490,share,共享,0.45800022685020036
491,social,社会,0.41306212958517385
497,barbecue,烧烤,0.43649791253545933
501,available,有效,0.2722772904125673
502,studio,工作室,0.4811803640596568
507,party,聚会,0.1466246515298604
509,house,独,0.2173001516910546
511,party,聚会,0.1466246515298604
521,apartment,公寓,0.5477979072175544
523,party,聚会,0.1466246515298604
526,drive,车道,0.11696962993798182
528,trees,位于,-0.08723174470155579
533,appliances,器具,0.3368140476033174
538,still,依旧,0.3571950301361631
543,fireplace,壁炉,0.3723462969496191
547,apartment,公寓,0.5477979072175544
553,apartment,公寓,0.5477979072175544
555,coupon,一,0.2058592776549645
557,master,硕士,0.1315209399460246
559,apartment,公寓,0.5477979072175544
561,king,超,0.2397077020008315
564,master,硕士,0.1315209399460246
566,email,电子,0.09676935838185234
582,pets,宠物,0.4379759861825519
583,bathroom,浴室,0.5615115806879493
584,one,单,0.3699188383694043
588,bar,酒吧,0.37766541443553386
592,usd,美,0.20182609263168833
600,queen,有,0.21225355403603988
605,check,支票,0.26713132210482177
606,maintenance,维修,0.31239104171995813
608,town,联,0.18516402070142673
610,one,单,0.3699188383694043
613,house,独,0.2173001516910546
614,bar,酒吧,0.37766541443553386
622,nice,好,0.4184144385670674
624,bar,酒吧,0.37766541443553386
631,management,物业,0.16316072662632491
633,apartment,公寓,0.5477979072175544
637,house,独,0.2173001516910546
646,prefer,比较,0.22303859951358915
649,apartment,公寓,0.5477979072175544
658,house,独,0.2173001516910546
660,house,独,0.2173001516910546
663,floor,平面图,0.20711662706070397
665,update,更新,0.49811098071081833
674,single,单独,0.3134960045247717
677,share,共享,0.45800022685020036
683,share,共享,0.45800022685020036
687,house,位于,0.04150946524557431
702,available,有效,0.2722772904125673
711,shuttle,摆渡,0.17208191158139924
713,drive,车道,0.11696962993798182
723,single,单独,0.3134960045247717
726,lease,合同,0.3400603905383477
735,apartment,公寓,0.5477979072175544
742,all,包括,0.39719203219473803
746,manager,经理,0.341061091108894
750,nice,好,0.4184144385670674
757,email,电子,0.09676935838185234
758,apartment,公寓,0.5477979072175544
759,studio,工作室,0.4811803640596568
760,studio,工作室,0.4811803640596568
763,garage,车库,0.33342765437943067
764,house,独,0.2173001516910546
770,living,客厅,0.0793759370677999
771,conditions,情况,0.30400373031348615
772,bathroom,浴室,0.5615115806879493
773,nice,好,0.4184144385670674
774,have,娱乐,-0.0339656713908035
788,prefer,更加,0.25360383296683314
789,month,月,0.45159254960322665
790,lease,合同,0.3400603905383477
792,utility,所有,0.2559477617236405
796,trash,垃圾,0.5371761305899768
798,center,中心,0.5291907898307128
800,summer,暑,0.3135825922365729
802,lease,合同,0.3400603905383477
814,apartment,公寓,0.5477979072175544
820,still,依旧,0.3571950301361631
825,garage,车库,0.33342765437943067
827,house,独,0.2173001516910546
828,security,保证金,0.026150437880961826
829,apartment,公寓,0.5477979072175544
830,important,重要,0.6232499298483738
831,king,超大,0.12232887900307872
840,apartment,公寓,0.5477979072175544
844,hard,非,0.3285086002616664
847,nice,人,0.22034368323491893
848,shuttle,摆渡,0.17208191158139924
849,house,独,0.2173001516910546
851,party,聚会,0.1466246515298604
859,bedrooms,卧室,0.3867391397527874
860,bedroom,每个,0.15641193048107735
861,outdoor,室外,0.43687812413413946
873,parking,露天,0.2958219403051462
875,study,出国,0.06666598447148948
876,laundry,洗衣机,0.3392849671791919
877,tower,塔,0.3512154419866088
878,studio,工作室,0.4811803640596568
879,apt,公寓,0.06604799920510378
880,utility,不含,0.17861029225622957
882,centre,中间,0.115438398084855
885,back,后,0.3535099941098182
886,fee,费用,0.29384938324008736
887,email,电子,0.09676935838185234
889,restaurant,餐厅,0.40461261784320246
891,dining,餐厅,0.37559825190037593
895,free,免费,0.367614135130095
898,lease,合同,0.3400603905383477
899,master,硕士,0.1315209399460246
903,floor,平面图,0.20711662706070397
907,permit,许可证,0.444851272417686
909,permit,许可证,0.444851272417686
911,share,分享,0.4866307151167275
913,booking,租借,0.1279028256247968
918,area,地区,0.2720251198318404
920,offer,邀请,0.24161015320609214
921,nice,好,0.4184144385670674
923,att,家庭,0.050116211253905495
924,flyer,传单,0.08698074247067895
925,permit,许可证,0.444851272417686
929,profile,个人,0.133410680973715
934,remain,保持,0.42321335494963946
935,use,善用,0.38314002597470964
940,email,电子,0.09676935838185234
946,toilet,对不起,-0.03513376461749385
951,luggage,行李,0.4866085109739487
952,baggage,行李,0.46458308014030586
964,downtown,市区,0.23190394816980764
