participate,参与,1.1069425924941947,224,0.38731664
comprehensive,完善,1.0716221181721504,50,0.42584908
mirror,镜,1.040143520614173,46,0.45905057
classic,模仿,1.1084291396496686,98,0.3857027
support,支持,0.9097331603520858,8,0.5861954
math,初等,1.1374441394456796,346,0.3531432
side,靠,1.0597540836932322,19,0.43847004
powerful,强大,1.006326032588305,27,0.49366605
one,十,0.9796595717366189,34,0.5201395
batch,批次,0.9808552171524987,2,0.518959
east,西部,1.03003195035912,57,0.46950537
itself,本身,1.0546183116383872,168,0.44383863
normal,正常,1.0023309337647581,6,0.49764225
soul,灵魂,1.0672635714842382,345,0.43045795
report,指出,1.1426433450132343,136,0.34717715
connections,密切,1.1257488042456538,335,0.3663364
tickets,收票,1.057983295020284,135,0.4403219
concentrate,精力,1.0685167705611105,53,0.42917287
basically,只是,0.9893502836259286,646,0.5105599
change,更改,0.9358967496690729,10,0.5620482
thousands,成千,0.9477418221557102,22,0.55087394
fewer,更少,0.9955328351413975,36,0.50448114
this,yamaguchi先生,1.0800950482973757,192,0.4166707
on,上,1.0193742609477638,3,0.48041263
thin,厚薄,0.959429731315249,82,0.53974295
dormitory,宿舍,0.9403583824367219,29,0.55785376
fantasy,幻,1.020149986337077,126,0.4796616
affim
author,作者,0.9636736570248802,51,0.535674
analyze,分析,0.9973949557590307,152,0.50258607
revise,修改,1.0242746990557896,130,0.47540742
aerobic,有氧,1.0622270131998508,813,0.4358207
high,低,0.9906831740285776,7,0.5092713
harm,危害,1.0739010247666216,955,0.42340383
no.
return,返回,0.9244188249924258,5,0.572732
clothing,衣物,0.9292948022735855,94,0.56818503
advocate,提倡,1.0573462057326175,94,0.44103602
obey,遵守,0.9824786785127122,36,0.5173772
prom,穿,1.1475641534803538,1076,0.34154922
match,踢,1.0821970879467786,398,0.41442904
event,事,1.098063329026386,126,0.39714307
publicity,炒作,1.0980819358039584,350,0.39711404
backstage,彩排,1.1342596711446808,2089,0.3567061
fake,假冒,0.99407004493136,71,0.5059319
output,值,1.100984048859319,1039,0.39390564
entire,全部,1.021734872242448,30,0.47797945
brand,品牌,0.8619825878731187,5,0.62848496
replace,取代,0.9002324749474532,6,0.5947928
bedroom,浴室,1.0170500452032452,175,0.4828349
half,半,1.049424391320192,25,0.44934982
judgment,判案,1.0689323757742182,651,0.42869532
hapiness
doomed,注定,1.0444654332527166,529,0.4545456
ok,啊,1.0880973184208824,599,0.4080709
fudan,第,1.0974285430995638,1280,0.39781168
rail,通勤,1.1262394120520134,900,0.36580244
today,今日,0.9789517963964298,7,0.5208012
wave,浪潮,1.022057610365856,22,0.47768554
pro,鼓吹,1.1202552658143214,27,0.37266195
dalian,合肥,1.0114705358852782,445,0.4884607
talk,竜龙,0.8375345964113103,47,0.6492775
dry,乾燥,0.9895609416566928,91,0.5103752
member,成员,1.0626817663461121,58,0.43531457
industry,业,1.0850488003413201,320,0.41133282
them,想,1.0536232020048053,363,0.4449764
material,材料,0.979276870497934,6,0.5205343
achievement,成就,0.9648371830118461,17,0.53455526
hehe,嗯嗯,1.1068111348154253,859,0.3875263
complete,完整,0.9680186641022154,5,0.53147304
gym,健身,1.0195877196380192,48,0.48020574
liquor,酒,0.9779934730869349,54,0.52180177
branch,分支,0.9869076444250172,2,0.51299846
choke,劈,1.1140517070668654,234,0.37941375
false,假,1.084638148232185,195,0.41179454
semester,期末,1.0456253419823565,147,0.45335665
sky,天空,0.9123881495316638,2,0.58378136
value,值,1.0188455466889506,23,0.4809167
record,刷新,1.078779991604233,39,0.4181012
threshold,越高,1.087968953355459,190,0.4081385
create,新的,1.081642140226205,265,0.41502115
about,大概,1.0597684951260276,60,0.43849447
business,生意,1.0932691154858443,497,0.40237853
magic,魔法,0.9901744804837217,64,0.50974816
profit,盈利,1.0614169016642052,121,0.43667132
tourism,休閒,1.0858263791305114,156,0.41047254
static,激磁,1.136207256125637,1393,0.35446236
humanities,人文,1.1053109008466593,941,0.38911772
abstract,抽象,0.9667603526513373,61,0.5326968
higher,更高,0.910117558457711,3,0.5858216
myth,神话,1.1141731407420572,1357,0.37933314
several,不少,1.0158725417454113,73,0.48400596
correspond,相同,1.0910361635867072,906,0.40478188
hot,冷,1.0865754938088639,127,0.4096975
mountain,山,0.9416854580465491,26,0.55661905
prove,找出,1.0776818447930827,1132,0.41931474
relation,只跟,1.0563204754796274,357,0.4420624
modeling,模型,1.1118865774392592,709,0.381855
defeat,击败,1.0787973339229706,412,0.4180901
google,搜索,1.1751518807436006,1945,0.3095293
need,需要,0.9765373867725321,151,0.5231708
distribute,索取,1.1509837801383065,492,0.33760712
number,十位,1.0399087339672803,29,0.45929316
pursue,投身,1.1191728406747155,402,0.37365592
tutor,舅父,1.1041436009191885,472,0.390432
back,往前,1.0742834373218064,79,0.4229512
coastal,沿岸,0.9690944039414653,57,0.5303983
share,分享,1.0132569869784642,6,0.4866308
district,市,1.0855548948250164,278,0.4107694
accident,事故,0.9128472932762498,17,0.5833584
mango,椰,1.0077715955056856,135,0.4922024
belong,扯到,1.1269333779244846,365,0.36508816
definition,概念,1.1028203849470193,1285,0.39184305
will,若是,1.0522040871107738,140,0.4464306
electronic,电子,1.117942065877953,612,0.37507996
boss,老大,1.0411479747577541,148,0.4580064
measure,衡量,0.9605229919084162,21,0.5386669
phenomenon,成因,1.1195273327445252,1956,0.37331718
farmer,牧牛,1.062212981863491,179,0.43585733
bundle,捆,1.097622358640675,346,0.39755952
able,才能,1.087642754737815,476,0.40853187
fat,肉,1.0063567681743972,14,0.49362847
fitness,健身,0.9719031498796107,10,0.5276991
bias,偏袒,1.0802213052733802,1421,0.4165973
means,意思,1.0131106794340259,44,0.48682448
stay,回到,0.995100302452508,29,0.5049057
finance,金融,1.0343387572770684,217,0.46509624
taiwan,台湾,1.0000707125227484,331,0.49992865
low,低,0.9449893640121522,2,0.55351096
dosage,服用,1.0950079294760802,2957,0.4004743
operations,整,1.1454246048601102,1285,0.34398437
offline,竜龙,1.070173746631632,508,0.42733064
bigger,更大,0.9554690284232705,9,0.54352254
thinking,思考,1.014460125897495,529,0.48543358
surround,四周,1.0776959056272681,60,0.4192695
between,之间,1.0138138354593942,2,0.48607263
design,设计,1.0085586678216683,56,0.4913869
completed,完成,0.9641223855359091,6,0.5352263
department,部,1.1209055549896356,192,0.37176433
odds,差,1.1515909526378882,1103,0.33696654
country,本土,1.1091930419524911,48,0.38481048
what,真的,1.0325839085808703,835,0.46688822
mine,矿,1.0996206314129124,130,0.39540663
front,前方,1.0406696986968331,38,0.45849437
opened,站,1.1855669125764492,2536,0.2972042
crazy,蠢,1.0454618049729925,588,0.45352843
single,首,1.0637285322160313,27,0.43423027
second-rate
hometown,老家,1.0672784653758633,54,0.4304434
different,不同,0.878090577355855,14,0.6144525
farming,耕作,0.9485737852884951,109,0.5501268
willing,愿意,1.099510083020992,2425,0.39550945
lure,抓住,1.0739857673051256,483,0.4234382
third,第三,0.8129034109195152,10,0.6695755
done,做,1.0683003284735195,714,0.42936388
leader,手下,1.1335369873771421,439,0.3575663
distinct,不同,1.061064528353785,484,0.43708187
horse,一匹,1.0210998955367712,144,0.47866833
push,逼,1.0611230264365787,116,0.43698165
intelligent,智慧,1.0755326568066603,753,0.42160022
dog,狗,0.9190811531729874,35,0.5776312
team,赛,1.107668984452266,867,0.38654968
worry,怕,1.0399131980950755,834,0.45931888
topic,琉竜,1.0517824357995371,783,0.4469018
week,星期,1.0038850130582604,21,0.49609867
exceed,超出,1.0403859827877742,32,0.45877367
content,竜龙,1.008380803281229,162,0.49158907
lead,替,1.1332304215581686,72,0.35788757
uh-oh
usually,通常,0.9117512224012976,32,0.5843521
estimate,估算,0.868205195910942,12,0.62313294
fortunately,幸好,0.960424427429001,98,0.5387503
city,市,0.9891941851646111,8,0.5107156
chaos,混沌,1.0167701885106066,61,0.48308757
micro,微型,1.0789167888796516,236,0.4179372
case,案,1.0267581575709783,160,0.47288784
name,名字,0.8846784206721036,5,0.60867447
pure,纯,1.0500813594002043,63,0.4486515
terms,情形,1.1251841574637766,708,0.36695597
daisan
experiment,实验,1.1029455847148741,509,0.3917757
child,孩子,0.9458726087460908,34,0.5526646
condition,患,1.037012031083461,138,0.46229184
later,不久,1.010703577037417,57,0.4892576
media,媒,1.08034656502354,36,0.41640517
instruct,告知,1.0771608274098996,396,0.4198147
special,特殊,0.9843461717579421,4,0.51557606
still,仍然,0.9527107147552414,27,0.54621
nine,十二,0.916253788297047,26,0.58025175
combine,融合,1.0641142496571967,111,0.43386418
five,七,0.9399579664990059,37,0.55824596
beside,旁,1.051106816759704,48,0.44758883
zhejiang,浙江,0.9505117882829349,466,0.5482526
invest,挹注,1.081265334065934,492,0.4154227
companion,犬,1.133571736864971,113,0.3575459
produce,出,1.1133268962695706,463,0.3802526
greedy,豪奢,1.0751296527124914,780,0.42207694
university,大学,0.9735441921986774,124,0.5260812
map,地图,1.098986202335515,143,0.39614964
and,和,0.8665255124626717,5,0.62457484
airplane,飞机,1.064692303014396,492,0.43324432
sideline,盯人,1.118318491863885,783,0.3747398
silently,看著,1.1158660368858313,2353,0.37746078
lift,滑下,1.0753933701365954,266,0.42172882
certification,认证,1.118604904830034,601,0.3743832
transportation,交通,1.0561963038532676,118,0.44221815
feasibility,可行性,0.9891842222978598,21,0.5107235
flexible,易於,1.092337509349902,1469,0.40341693
many,不少,0.8765384864604607,26,0.6158507
left,左,1.0726708299762888,18,0.42470983
news,新闻,1.08497290220881,423,0.411415
comminicate
prohibit,禁止,0.8874937808665297,48,0.6061817
strongest,强,1.0977892437937875,99,0.39740708
mainland,本土,1.0838006241626041,241,0.4126539
fujianese
interest,瞭解,1.085635805388655,107,0.41072583
unreasonable,竜龙,1.0889531940628239,4372,0.407047
once,才,1.0540309895784137,189,0.44452527
reason,理由,1.0703552104938059,157,0.42718548
gymnastics,排球,1.0877576811045686,354,0.4083818
believer,深信,1.0493115960004382,418,0.44941655
used,用於,0.942793023289832,9,0.555585
nor,也不,1.048274092990484,210,0.45056695
isolated,存在,1.1213066959856879,1053,0.37136745
she,她,1.0260976102594597,51,0.4735455
rain,雨,0.9408299994563287,34,0.557421
young,幼,1.0291405341241358,40,0.47044045
emotional,情感,0.9663910106602883,344,0.53298944
abroad,海外,1.1196195125838613,416,0.37322846
carefulness
distant,更近,1.0430843342053369,23,0.456047
politics,政治,1.0637224635427247,306,0.43424278
moderate,温和,1.0492438076527038,35,0.44953853
idol,偶像,1.0289300202904579,17,0.47064835
before,之前,0.9750860266243142,25,0.5246142
foreign,外交,1.059610209645443,50,0.43858427
besides,除了,1.008660420577774,66,0.491311
practice,作法,1.1155503717251896,276,0.3778169
he,他,1.0219151636465036,35,0.4778656
nice,漂亮,1.0587268104753786,310,0.43949762
noise,噪音,0.8997081821009004,12,0.59524965
designer,设计,1.116089453522148,470,0.37719086
you,你,0.958524491717152,400,0.54064053
yep,球球pk,1.0044363424295752,698,0.4955388
major,重要,1.0534738350586765,7,0.4451127
feature,片,1.0405786384274818,16,0.45861125
arch,楣,1.0748884523931728,252,0.42232278
dice,骰子,0.9797186075785601,6,0.5200945
threatening,危及,1.1076651840485972,2393,0.3865406
dell,墨,1.1667175339296287,4010,0.31938976
location,所在,1.045022591125595,30,0.4539869
telephone,手提,1.0497309619174051,148,0.44903255
ownership,承租,1.0952353070613028,311,0.40023127
all,所有,0.9079489333422508,1,0.5877877
intersection,相交,0.9957276697619772,95,0.50424397
speech,演説,1.1067843640971997,339,0.38749227
because,所以,0.9222652858874244,61,0.57471174
jackpot,骰子,1.11157007715772,256,0.38222167
instead,原本,0.9923800747218396,49,0.5075917
individual,各自,1.0785223604253786,111,0.41844428
from,到,0.9969697788690919,2,0.5030424
forget,忘了,1.0445391974227454,314,0.4544731
sad,悲哀,1.0434440006775434,111,0.45561597
item,物品,1.0837542720503688,49,0.41271865
festival,影展,1.1007601336274655,330,0.394152
prize,奬,1.0591315408303803,65,0.43909657
audience,观众,1.0398186863737633,100,0.459368
group,群,0.9968177467833969,7,0.50314164
anywhere,琉竜,1.0915224203260816,683,0.40432367
rice,稻米,0.9872635212965809,80,0.5126498
reunion,重逢,1.0584374146487334,105,0.43985462
mainstream,主流,0.9508503458250355,5,0.547928
together,在一起,1.0627532797291388,28,0.4352637
bitter,辛辣,1.0134165065112286,48,0.4864867
his,他的,1.0085827693479603,22,0.49139154
reasoning,yamaguchi先生,1.058370912072997,1749,0.4399137
parents,父母,0.8568129860391714,24,0.63293374
try,找人,1.0655031643392787,140,0.4323574
busy,忙碌,1.0387264265330063,42,0.46049005
explain,瞭解,1.0320144214061893,691,0.46745962
when,才,0.9838136668739387,100,0.516063
express,特快,1.029829127894787,16,0.46972388
mentioned,提到,1.0926518336207496,123,0.4030892
clean,洗,1.0635683414906052,62,0.43440974
remind,提醒,1.050609732147975,955,0.4481058
behind,另一,1.1084530061035403,171,0.38567516
plus,另加,0.9869398335999112,4,0.5129742
circle,半圈,1.0749616879631305,35,0.4222426
want,想要,1.0132149356789513,534,0.48671877
strength,力量,1.0068817174217846,52,0.49311322
wuhu,合肥,1.0679229762489764,747,0.42975694
relax,放松,1.0575286605431615,32,0.44084418
suggestion,同意,1.047304869940421,965,0.4515441
across,沿著,1.0951002278404185,144,0.40041557
middle,末,1.1416877217826802,118,0.3482418
wolf,狼,0.981888889084308,10,0.51792395
light,光,0.9870081392646556,18,0.5128735
cant,怎,1.0610600083365511,155,0.4370801
fundamental,基本,1.0542525470633568,1013,0.4442575
swim,游泳,0.9783356350861842,13,0.52144957
spirit,邪念,1.0297801913026428,56,0.469775
block,禁,1.0650753988218695,171,0.43284914
fall,秋天,1.0655133622926676,18,0.43236238
taste,味道,0.8612009334017465,16,0.6291397
environment,环境,1.007779501754342,36,0.49220115
door,窗子,1.0247683687187568,153,0.474915
or,或者,0.9816836058041418,14,0.5181668
tomorrow,明天,0.9465596167116304,7,0.5520295
someone,竜龙,1.0828131727297003,1950,0.41374484
asap,竜龙,1.1132907029895223,628,0.38025954
alright,噢,1.0537702993740374,1036,0.44477126
train,趟,1.0551497017243716,251,0.4433385
mrs,太太,1.0934615000352736,1488,0.40218106
common,常用,1.0677252392457512,112,0.4299863
advanced,率先,1.1192521519470968,104,0.37363496
precious,宝石,1.0872961611028376,273,0.40890568
ideas,想法,1.013201879940597,397,0.48672333
feeling,感到,0.9908779261089894,503,0.50907016
chess,象棋,0.9374444747736167,35,0.56060004
fine,些,1.1432231189658066,171,0.3464767
hear,听,1.0422431764453157,340,0.45682982
site,址,1.0653456884198853,30,0.43255126
cat,猫,1.006424131004277,30,0.49355054
trend,急遽,1.0446755274460835,82,0.45432228
something,真的,1.0193996258395712,1458,0.4804155
hug,抱抱,1.117247791593739,236,0.37588286
high-end
specialized,兼具,1.1111148706009908,224,0.38271618
mom,爸爸,0.9877928095509155,68,0.51215893
cumbersome,笨重,1.079774462905942,1182,0.41700798
lie,歪,1.0946439233374612,73,0.40088463
touch,感,1.0050479505742862,24,0.4949405
efficiency,效率,0.9126502707453142,31,0.58350736
slow,慢,0.9418829830588281,19,0.5564337
signed,签,1.0763038166364436,81,0.42081818
times,更,1.1341473969512639,168,0.3568832
food,食物,0.8948068367114445,20,0.59964305
diet,吃食,1.0805114692002717,163,0.41622278
plot,故事,1.0895131176953154,151,0.4065145
horrible,可怕,1.028249559600979,665,0.4712221
help,希望,1.0274790968541572,175,0.47209617
tendency,偏於,1.1033760570215163,2177,0.3912628
believe,相信,0.98166464868115,417,0.5181684
limit,限制,0.9956370001418884,14,0.5043401
three,共,0.9523459091291412,41,0.546516
simple,简单,1.0290291333341886,192,0.47054377
word,意思,0.9980322765172023,168,0.5019629
attraction,吸引,1.0380056504342017,43,0.46127152
frog,蛙,1.030428702513805,146,0.46910575
korean,韩国,0.9898032065439788,231,0.51014435
attention,注目,1.0850158821935418,142,0.41138017
lacking,缺乏,0.8959120947373541,6,0.5986637
friends,朋友,0.9051854209741927,19,0.5903081
okay,内,1.0467071964209984,2028,0.45221645
determined,排除,1.0976257418166167,478,0.3976525
rebellion,反抗,1.01320297404815,100,0.48672402
brush,漆,1.0872480061417447,143,0.40896448
specific,特定,0.9531645356268366,36,0.5457164
mangosteen,柑,1.0270369939620785,574,0.47261557
photograph,照片,0.8785859716263097,18,0.61406565
scope,涵,1.1162443871854166,109,0.3770176
structure,结构,1.0468765634236799,139,0.4520095
luxury,奢侈,1.0332893322022083,172,0.4661629
ball,球,0.9893322873215109,32,0.5106043
habit,喜好,1.1255539485465311,1154,0.36650616
nokia,手提,1.1213616693672717,1163,0.37127328
dialogue,主旨,1.097790501775614,655,0.3974722
knicks,湖人,1.0858096100714207,991,0.41050202
halo,光环,1.0551936918374945,77,0.44328505
distance,距离,1.001696188817059,20,0.49829462
administrative,行政,1.0448663642416174,94,0.45409468
count,伯爵,1.1187263718924907,229,0.3742574
destroy,阻止,1.0425256753097896,596,0.45656615
tour,巡演,1.0886670038675732,186,0.4073708
speak,流利,1.0603302311219405,157,0.437816
impression,印象,1.061895670240335,530,0.4361786
ninety,六十,0.8887491398276556,24,0.60507584
play,上演,1.0487288511773745,23,0.45010298
innocence,悔,1.0682012012214213,644,0.42947188
beautiful,迷人,0.9814302476168792,118,0.51839465
green,绿,1.0221574147142733,25,0.47759825
australia,澳洲,0.8876303822810266,23,0.6060675
sleep,睡,0.94002911405731,37,0.55816346
give,拿出,1.0628940955178205,161,0.4351268
unfavorable,不利,1.0970087170069602,329,0.3982717
wait,等待,0.9856230343675673,72,0.51427466
self,自我,1.0088618569941963,13,0.4910775
pudding,糕,1.0289441633312941,465,0.47066846
guess,真的,1.0063386855138934,549,0.4936553
postgraduate,深造,1.0793968730462098,718,0.41745472
ocean,大洋,0.987351525597819,62,0.51255983
nationwide,全港,1.071481372883085,31,0.4259881
flower,花,0.9415135113403487,62,0.5567842
pricing,策略,1.1359968261745124,2171,0.35478964
eye,眼,0.9603419830205107,24,0.53890043
platform,平台,0.9901119181989987,6,0.50981915
old,老,1.0428476404721774,10,0.45620513
girlfriend,男友,0.9008425971277506,99,0.5942306
graduate,考取,1.0523323332322947,411,0.44629788
overall,持平,1.09621026357404,68,0.39914566
uh,咦,1.1015565518448909,213,0.39331582
grant,予,1.0858120821204302,142,0.41050297
physicist,物理,1.0874519889686445,695,0.40867
specification,基於,1.1146140280683468,2172,0.37879297
exaggerate,低估,1.1011812213653958,2858,0.39371878
win-win
millet,甘藷,1.1237425149313403,796,0.36860535
rare,罕有,1.0030340542188172,20,0.49696878
practise,懂得,1.140947781246717,778,0.34911507
mean,假如,1.0338353071043145,258,0.4656017
mother,妻子,0.9445243192995534,130,0.5539286
pieces,件,1.1035179495427883,589,0.39112693
new,新的,0.9725953343445278,5,0.527044
remember,知道,1.0608242537336472,657,0.43735814
obvious,竜龙,1.0695913017071779,3498,0.42800686
physiological,生理,1.0196380470051225,1668,0.48015597
pass,跑,1.095529516913856,140,0.39992106
hefei,合肥,0.9862144422981085,464,0.51369
uneven,不均,1.0889329253372517,227,0.4070737
squash,桌球,1.092288208932693,159,0.40348297
infringe,侵犯,1.060895316379914,191,0.4372292
planning,著手,1.0757727321383366,178,0.42138252
often,常常,0.9510670158405897,66,0.5477176
originally,最初,0.9605328803490797,5,0.5386742
呃用
formulate,提出,1.054923045242607,498,0.44358072
listen,聼,1.072504510667864,442,0.42486545
machine,机,1.087994533689926,170,0.40811887
urge,意欲,1.1079895166460831,2644,0.38612184
meituan
excited,感到,1.1357155596818078,1725,0.35507104
cognition,心智,1.0973835443145459,2586,0.39786887
kindergarten,初中,1.0345522737501995,105,0.4648529
strenuous,擕,1.1464374833575612,2183,0.34282488
always,即使,1.0122909910271622,385,0.4876358
ill,患,1.0841370279089688,254,0.4123097
jinan,成都,1.0441328836385266,918,0.45495197
tell,知道,1.0081443249070743,166,0.49187034
fraction,十倍,1.0562335389811293,202,0.44220802
excellent,良好,1.027410245915496,130,0.4722234
course,哩,1.0998661409463488,61,0.39510256
which,而,0.9649325600233756,42,0.5344533
full,完整,1.1433507947788695,23,0.3463583
abortion,堕胎,1.0337315075109528,211,0.46567988
sports,体育,1.0596685338115355,90,0.4385206
end,结束,1.0456461724295807,25,0.45331052
cool,冷,1.0256645864559821,77,0.47400808
equal,相等,0.9376759486322552,13,0.56039363
catharsis,冥思,1.1292401594364667,3158,0.36241356
photo,照片,0.8798544377779703,12,0.61293393
may,九月,1.036209408835569,17,0.46312332
null,无效,1.166704913526178,2457,0.31938115
dress,穿著,0.9042903769128369,82,0.5911347
better,更好,0.952609597580924,26,0.54628676
forward,向前,1.1051820331670177,128,0.38925737
passed,生效,1.1542509159806256,544,0.33388492
partial,部分,1.081118766379726,13,0.41557077
automatic,自动,1.1185834515189554,376,0.3743687
weekend,逢,1.0483252778512975,104,0.4504911
storage,存放,1.0395916828585097,167,0.45959195
your,你的,1.0203457041060482,447,0.47948143
opinion,看法,1.015805217018626,419,0.4840707
pessimistic,冷淡,1.1000566274312433,3034,0.39492998
man,男人,1.0417189723782458,41,0.45737344
entertainment,娱乐,1.048189310167664,63,0.45064247
dislike,反感,1.0035609828906673,760,0.49641716
bring,藉此,1.0970591165566466,899,0.39818904
solve,找出,1.0483861891463337,177,0.45046797
resist,抗拒,0.9645822620738008,54,0.5348368
concentrated,集中,1.0904248637135814,207,0.4054224
rush,搭,1.111019750999254,102,0.3827579
quilt,毯,1.1164308586170641,491,0.3767482
internationality
everyone,大家,1.0388422280617444,1277,0.4603922
attempt,阻止,1.06347593904862,252,0.43455586
varies,而定,1.0749280910220267,271,0.4222833
shoot,拍,1.069203962213797,110,0.42840058
husband,妻子,0.9713320339667605,93,0.5282599
reading,閲,1.1223314973598297,217,0.3701215
only,只有,0.9068262503942597,14,0.5888421
globalization,思潮,1.1492423855011338,3420,0.33959734
strict,遵守,1.01774907443487,104,0.48208895
abandoned,早已,1.1241111816469653,915,0.36822215
noodle,糕,1.009604258846717,300,0.4903413
school,高中,0.9988541866390676,131,0.50114346
beating,踢倒,1.0849565527941705,425,0.41139692
underground,地下,0.9408392748620266,6,0.5574276
now,今天,1.0247890048927324,23,0.47490856
alley,巷,1.083128443217547,79,0.4134183
personal,本人,1.1137165759199805,305,0.37980595
far,很,1.0499909528196139,62,0.44873774
nation,宰制,1.137344437724141,307,0.35321236
thought,相信,1.040116850949532,363,0.45906565
receive,收到,1.0193286299456175,34,0.48049822
evolution,演化,0.8845804815313271,13,0.6087631
achieve,做到,1.0513205026160928,181,0.44737664
hundred,三百,0.9094783772964772,17,0.5864389
substitute,代替,1.0175671711106526,15,0.48227313
flow,流向,0.9653419265886265,45,0.5340734
mood,心情,1.039943376416942,307,0.45927227
frequent,常有,1.0263458346411705,39,0.473292
jump,助跑,1.0082349777058535,18,0.49171606
beast,兽,1.0470664995554795,380,0.45183742
gender,性别,1.039537803610774,133,0.45965537
strange,神秘,1.0211238018090718,375,0.47864467
widely,最常,1.0421305123816862,88,0.45696363
gaming,玩,1.0875090271099865,339,0.4085746
organize,邀集,1.140654211652485,738,0.34944886
call,喊,1.0543546454205819,21,0.44420543
private,私人,0.9473458113442027,6,0.5512672
see,看,1.057870682884464,112,0.4404424
snake,蛇,0.9387669266837617,28,0.559368
brain,骨髓,1.0688517529438093,1464,0.42878065
exchange,交易,1.0109593379187896,19,0.48895234
learn,瞭解,0.9939409498475935,82,0.50603366
year,一年,0.9779336035013124,8,0.5218784
have,即使,1.0467391773136256,234,0.45215726
shouldn't
signal,信号,1.0541022812767047,258,0.44440687
outside,以外,1.0348333408791648,9,0.46453503
confused,混淆,0.9610139716499312,12,0.53824174
set,於,1.0865439020700498,13,0.4097304
require,不需,0.9837297298516542,80,0.5161507
perhaps,何止,1.147132583417048,1356,0.3420456
serious,主因,1.0802846743201133,1182,0.41652358
online,社交,1.1510939547845074,1022,0.33747867
wash,洗,0.9382450587875651,5,0.55986035
rob,杰,1.122666650986873,1731,0.36978
assault,狙撃,1.095586727014803,739,0.39988726
recording,唱片,1.1028988852634707,551,0.3918108
senior,委任,1.1204089796497196,215,0.37234858
heart,心,0.9961436955032172,25,0.3142874
dad,爸,1.0210984279305702,189,0.47868785
ah,欣,1.0888673245704228,87,0.40719923
trouble,怕,1.0143734917763938,260,0.48554796
confidence,信心,1.0149924363495637,62,0.48487386
initially,起初,0.9276465337875224,9,0.5696934
pain,痠痛,1.0012755352840095,266,0.49872768
sex,性交,0.9742716294836925,96,0.52541846
written,作者,1.0760906592674733,129,0.42105108
here,竜龙,1.027000546707443,1485,0.47262627
indivual
enter,入,1.0888982292715825,87,0.40715572
consume,吃,1.0743369587100793,556,0.42290655
approval,批准,0.9597148730817977,22,0.5394666
study,研究,0.9952078189818752,59,0.50475925
god,上帝,0.9268888617898621,101,0.5704566
ronaldo,奴,1.1740256977009014,9140,0.3107911
developing,推展,1.0425042151263344,244,0.456601
literature,文学,1.093186379332813,772,0.40244135
popularity,注目,1.068928055457819,169,0.42870116
under,下,1.148198662684194,67,0.3407869
cousin,弟弟,0.9215893642220587,71,0.57534206
teacher,住校,1.0979572433402969,448,0.39725593
rise,上升,0.9852215864185775,11,0.5146687
mix,混合,1.0774168634743535,197,0.41957992
deterioration,老化,1.0223057805897828,311,0.47745332
occasionally,偶而,1.0100273258611199,85,0.48991764
method,方法,0.8831555921342279,7,0.6100143
computer,电脑,1.0521626133136397,489,0.446492
original,原版,1.0536875859040158,26,0.44488686
drowning,溺水,0.9466606397342681,21,0.55192286
west,西,1.006459214840308,42,0.4935055
world,世界,0.8506893764758684,1,0.638169
shenzhen,深圳,0.9840910858796219,351,0.51579124
friend,好友,0.9276592995734446,57,0.56972355
long,短,1.0131647308505582,14,0.4867569
distracted,害怕,1.1043596445222663,3277,0.3901825
where,接著,1.0615975225958765,65,0.4365009
should,竜龙,1.0767304857929612,723,0.42032495
defender,效力,1.1484442010099014,960,0.34053904
television,电视,1.0486239025655173,308,0.45018962
north,西北,0.9876659612147436,40,0.51226556
miscellaneous,冗,1.1962596315085658,613,0.28445327
universal,永恒,1.1025986740380234,42,0.39213318
home,全家,1.0873586083783109,31,0.40879944
educate,瞭解,1.1433142096434439,1519,0.34640583
nature,自然,1.0447097579556839,40,0.45427367
smooth,平滑,0.9671543063565184,25,0.5323445
gradually,逐步,0.9737074412338106,44,0.5259603
open,闭,1.1135400553503552,50,0.38000265
illustrate,描述,1.1044703563044582,365,0.3900462
boast,媲美,1.1360468725699693,758,0.35469794
without,不需,0.9707605393793723,24,0.5288171
male,男性,1.017357162393114,11,0.48247725
chunks,剁碎,1.0913785434108467,487,0.4044759
by,由,1.0537251169186548,4,0.4448168
domestic,畜,1.1377544340608223,117,0.35272777
audio,音效,1.0411889061047974,199,0.4579437
unable,未能,1.08116307413112,417,0.41555676
either,或是,0.946786756185079,65,0.5517815
take,替,1.0680118243925922,124,0.4296646
android,智能,1.1354388495442862,2004,0.35540906
quantity,量,1.0117686136979125,54,0.48814914
ban,禁止,1.0466744557035548,97,0.45226374
grade,初中,1.1445993315066183,193,0.34498227
reflect,反映,1.0683230583468728,299,0.4293599
alpha,素,1.118852705148908,335,0.3741035
pay,支付,0.9747691485986427,91,0.5249147
china,中国,0.9875778928654486,474,0.51234806
ticket,收票,0.9852062356275115,10,0.51468754
worth,噢,1.1654360812897822,1086,0.32087213
unfair,不公平,1.0340281100327922,1122,0.46539178
exposure,曝露,1.01529924590814,84,0.48457345
shaanxi,河南,0.9333642485021065,460,0.5643895
mandarin,粤,1.0283462557801195,63,0.47122902
sign,投,1.1116077299890248,55,0.38220522
thick,厚,0.9999618375419724,330,0.500007
small,小型,0.9893650200638416,14,0.5105663
variety,各式,1.0193363327087657,39,0.48052424
move,移,1.0174370714438747,12,0.482429
province,省,0.9945397445531919,19,0.50541914
professors,教授,1.0316677445769942,206,0.4678281
nourish,造福,1.0836468165884576,416,0.41283524
enemy,要害,1.0536696464816337,522,0.4448728
indeed,未必,1.0041137963074889,1277,0.4958722
force,令,1.0770343534922613,170,0.4199799
yourself,你要,1.03385363857188,733,0.4655799
allow,以便,0.9902762401913584,108,0.5096839
sudden,突然,0.96852197873154,38,0.5309854
bo,彬,1.029824610696231,7,0.46973288
vision,感,1.079895440746918,228,0.41691738
campus,校园,1.1055559966173745,399,0.3889007
very,非常,0.9263818187339232,55,0.5709436
intersect,相交,0.9741491107070396,28,0.525479
shanghai,上海,0.8869497657427127,160,0.6066611
socialize,閒逛,1.1219771311545288,1210,0.3705479
yuan,宋,0.9913394519861182,810,0.50861585
genius,天才,1.0236236920630992,180,0.47607377
continue,继续,1.072612693376247,317,0.42472565
screen,屏幕,1.0300229537950822,51,0.46951607
space,空间,1.0048348159211005,42,0.49520364
talent,天份,1.054345482733645,115,0.4441896
secondly,娶,1.1238031636904022,958,0.3685917
even,即使,0.9330170199415077,242,0.56475544
too,很,1.0113615869088957,445,0.48858553
lost,失去,1.035287798959803,45,0.46409076
public,公共,1.016660787819691,11,0.4831893
meimei,年,1.112116362550583,2980,0.38162327
effect,效果,1.0336899159055746,110,0.465751
port,港口,1.0106737192760633,27,0.48925984
abuse,虐待,1.0624042642916842,658,0.4356369
iceland,挪威,0.9586048633447228,85,0.54053634
teachers,住校,1.116300577582017,741,0.37691826
know,知道,0.9890461716123579,416,0.51093286
generation,世代,0.9490248473779286,3,0.5496829
saigon,越南,1.0594749094057563,405,0.4387643
dora,琳,1.1466187423664131,1034,0.34261745
visa,入境,0.9946074580964114,14,0.5053948
future,希望,1.0360308014656354,31,0.46330422
sharp,尖,1.0599541112916986,36,0.4382841
compared,相比,0.9639263552086452,36,0.5354073
concert,巡演,1.0304879353278125,278,0.46903473
tidy,些小,1.1064033210212698,427,0.38795304
certain,某些,0.9447735231743366,30,0.55366737
voice,声,1.077478453402697,185,0.41953257
bala,恰,1.1746372433943841,5258,0.31012845
use,使用,0.9141249923565562,6,0.5821912
since,一直,1.01801201831928,51,0.48187494
societies,囯,1.194301072034266,4313,0.28687185
scold,搔,1.1014423476319168,1803,0.39342064
clear,清楚,1.0494689990075983,365,0.4492964
so,所以,0.9803773091585396,311,0.51941913
dimensions,尺寸,1.0132233431222462,136,0.48668495
calculate,推算,1.0460344564160582,970,0.45289376
four,四,0.9382975846171853,33,0.55979437
decide,只好,1.098938831667819,1025,0.3961838
law,法律,0.9569220238193572,20,0.5421473
black,黑,0.9593392198063628,5,0.5398585
killed,身亡,1.0227166066695235,318,0.47700527
received,收到,1.0330995173178592,31,0.4663561
collapse,崩解,0.9703593080430697,31,0.5292038
britain,澳洲,1.0938908244719132,272,0.40167916
ninety-six
picture,相片,0.9846012620364051,40,0.51526684
lifetime,一生,0.9911917756002842,7,0.5087922
to,要,1.021208342644119,24,0.47858235
encourage,藉以,1.0776953584025113,705,0.4192765
comment,竜龙,0.960988029629122,485,0.5382263
compete,淘汰,1.14697758726896,610,0.34225562
race,事,1.1150619340261476,558,0.37833455
i,我,1.022991388856654,338,0.47676447
reserve,只,1.1602402872546802,392,0.32697088
academic,学术,1.14494804708713,1567,0.34456053
advertise,代言,1.1314573556858318,1529,0.35988688
confuse,混淆,1.0388511905163564,405,0.46044007
network,播,1.0985309132831984,350,0.3966236
sunlight,照射,1.030747542631036,236,0.46879303
position,位置,1.0314279288093395,12,0.46809822
research,研究,0.9409800232755798,46,0.5572998
if,如果,0.9775225706911539,289,0.52211547
wing,翼,1.016353650499799,23,0.4835373
thing,真的,1.0139101487569249,947,0.48599923
eighty-nine
understand,理解,1.010866414490824,821,0.489057
wear,穿著,0.9320772626631414,62,0.5655983
body,全身,1.1107550549782894,161,0.38310742
row,踫,1.0990829797009662,22,0.39597708
driver,追撞,1.0896712725048405,530,0.40630126
collision,碰撞,0.8871026485219565,9,0.60650384
specially,用以,1.051449839494204,54,0.44720882
deliberately,故意,0.9396329241832168,119,0.55856484
narrow,窄,1.006136372044432,43,0.49384233
tool,工具,0.9067104442723397,6,0.588929
symmetry,凸,1.1520126139451405,4674,0.3364394
type,型,1.037913029550598,13,0.4614048
fourth,第四,0.7742672707193983,11,0.70027
connect,接通,1.0256870953600312,58,0.47396263
attract,吸引,0.8660206176179476,5,0.62500936
dinosaur,恐龙,1.0150403742886576,194,0.4848523
recognize,瞭解,1.1330544465786747,1248,0.35808882
robot,超人,1.1307372480110636,839,0.3605261
nap,睡,1.0919573901981265,6,0.40379256
misleading,刻意,1.1066627070531243,3857,0.38761932
weihai,衢,1.0394998091525485,808,0.45973852
feel,我不,1.095075942700854,2550,0.40042573
time,之前,1.0028718688752267,22,0.49713224
risk,危及,1.0520076722788465,372,0.44664934
right,左,1.0391713019474584,13,0.46007723
highway,公路,0.9688730490600815,94,0.5306373
as,亦,1.0890134775626632,64,0.40702742
minute,分钟,1.033423584689796,28,0.4660238
happy,愉快,1.0487964892489545,245,0.4500295
user,竜龙,1.0840571858231736,852,0.41235644
appoint,委任,1.04493394647185,280,0.4540411
say,既然,1.003580136110445,794,0.49643964
chance,希望,1.0202917717624407,32,0.4794993
well,除了,1.0009478017420799,60,0.49905178
model,模型,1.044607841938465,33,0.45438802
layout,布局,1.0179755985913495,16,0.48183215
etc.
field,打,1.0987841736125465,42,0.39633211
idea,想法,0.9607581828575583,52,0.53847957
went,回到,1.1323303474769628,494,0.35891974
using,利用,0.969546603859291,34,0.5299696
establish,建立,1.042822955979171,92,0.45625415
appear,似乎,1.066259856617049,125,0.43155894
wall,壁,0.9749994569101624,24,0.5247268
with,和,1.0374086412057602,10,0.46189195
purpose,用途,0.9983048126127765,15,0.501705
supermarket,超市,1.0199884231806167,184,0.47983646
synchronize,有问题吗,1.0848200640308294,580,0.41159686
finish,拿到,1.1109190056124612,408,0.38294134
strengthen,加强,1.0941065313821254,594,0.40148678
possible,可能,1.0491520196637858,237,0.44966123
afraid,害怕,1.0305769176282442,1018,0.4689772
comprehensively,可惜,1.1176190926386544,527,0.37543318
funny,好笑,1.028100028630683,913,0.4715124
metabolism,睪酮,1.1147936465261303,4586,0.37866735
?,yamaguchi先生,1.0581424709588105,136,0.44012982
any,任何,0.9732882019856893,72,0.52635914
emphasize,著重,1.054409806346359,878,0.444088
psychology,心理,1.0201810517962258,471,0.47962153
evaluate,瞭解,1.0927002578893314,1067,0.40298325
luo,徐,1.0189623375589927,626,0.48086643
object,物件,1.0020423637832316,40,0.4979339
twin,涡,1.1137783542282031,176,0.3797412
meal,正餐,0.9742445075292232,164,0.5254252
asimov,短篇,1.168865399674349,3468,0.31682932
background,背景,1.078260306881105,193,0.41870344
intend,打算,1.0936571335104206,1225,0.40200037
enlightenment,思想,1.0840572023681097,1228,0.4124306
conductance,耦,1.135584844083189,7041,0.35524365
competition,赛,1.1482301110214654,658,0.3408238
disorder,症,1.0567925577096868,941,0.44158044
reconstruction,重建,0.9058099662948204,13,0.5897687
changing,更改,1.0252766286254653,76,0.47440574
document,文件,1.0616209944283492,193,0.436518
trip,旅行,0.948666625461904,24,0.5500034
basic,基本,0.9588360522193656,4,0.54031765
tennis,排球,1.0050648619297153,92,0.49491504
night,夜晚,0.9093052576960211,13,0.58658046
crooked,跛,1.065432433100795,60,0.43243584
nephew,外甥,0.8886025770921133,41,0.6051954
congress,立法,1.114593500384446,395,0.37882772
discover,找出,1.0084475054545226,240,0.49152857
watch,乜,1.137337222088645,173,0.3532222
main,主要,0.9883843125304392,1,0.51158637
chat,聊天,0.993212567307073,11,0.5067804
history,历史,1.0304559302969152,13,0.46904778
pond,池,1.0249813636639646,80,0.47472215
extreme,极端,1.1120344889228586,260,0.38169137
every,每,1.1139569000407945,113,0.3795694
cause,引致,0.9602712352800425,54,0.5389185
mahjong,棋,1.1130649744296157,1475,0.3805341
result,主因,1.1113340813274508,103,0.38247246
badminton,桌球,1.0380392244351586,145,0.4612644
drive,跑,1.0854277312809553,83,0.41090226
face,脸,1.0454085399861681,39,0.45356563
process,流程,1.0676934448085382,216,0.43001643
um,穆,1.1052449768527912,275,0.3892468
can't
beat,踢,1.0756431890071083,161,0.42149934
roommate,室友,0.9750020675174959,109,0.524666
sweat,流汗,0.9958886042992584,23,0.50408316
matter,竜龙,1.0911256893137653,2298,0.40473086
same,同一,0.9564996367785579,9,0.54254127
most,最,0.9624122483522536,31,0.5368805
grasp,理解,1.0918608367777503,976,0.4039534
nerve,髓,1.0806723894071548,1944,0.41609794
ha,卽,1.0926523060306845,83,0.4030523
humanity,生命,1.0723377799172231,716,0.42499888
ability,能力,0.9307909399642046,17,0.56682926
diameter,直径,1.058360623410852,744,0.43995625
own,自己,1.045522587550965,25,0.45343697
kid,爸,1.0916402132612757,985,0.40418333
northeasterners
broadcast,播出,0.9371331405094656,77,0.56089675
prepare,做好,1.038870782992977,61,0.4603961
target,靶,1.0956956352982774,78,0.3997018
select,抽出,1.061647414553442,38,0.43640116
install,安装,1.1160327329378044,723,0.37725425
gliding,滑翔,1.0780530413606353,154,0.41891983
after,直到,1.0089070864539322,64,0.49105278
road,公路,0.9700466194252234,50,0.5295201
training,教官,1.0617167395523497,203,0.4364099
mind,思考,1.0336195550574,336,0.4658143
big,碰,1.0372302377623661,9,0.4620844
huawei,三星,1.1641712466312428,2761,0.3223594
fill,填,1.0633039887175784,24,0.4346925
participation,有份,1.1217253884016265,648,0.37090918
glasses,眼罩,1.0901686829589596,694,0.405741
rigid,僵化,1.125328884669159,2243,0.36677963
two,两,0.9497197845059114,36,0.5490262
apply,附合,1.093162107710977,969,0.40251496
rule,定明,1.1584386355274248,462,0.3290371
situation,困局,1.0700631467392117,550,0.42751744
atmosphere,稀薄,1.0701507498459562,394,0.42739275
sentence,句,1.0911424159186316,413,0.40469125
for,需,1.0238739453993286,4,0.4758129
woman,女人,0.9954897745463495,71,0.5044978
morality,道德,0.9334302116046383,277,0.56437457
supply,短缺,1.072528730712011,343,0.4248647
gone,看著,1.1120279922193153,525,0.38168806
fifty,六十,0.8454341379090579,25,0.64260817
died,去世,0.9386715176600459,35,0.5594397
deficit,赤字,1.0666588507719719,96,0.43109456
pen,笔,1.083206361632075,32,0.4133322
sunshine,幸福,1.0944507961364216,99,0.4010869
seconds,秒,0.9406715328571817,12,0.55751526
cross,十字,1.0738673770600766,21,0.42339236
overtake,超越,1.0721450756537743,201,0.42525083
juvenile,少年,1.0914903102954019,59,0.40433404
uh-huh
cultivation,栽植,1.0271038225767686,393,0.47254315
decided,打算,1.0944183925990412,445,0.4011261
walmart,店,1.1365627959439357,1326,0.35407442
vehicle,车,1.0749056311195964,538,0.422253
science,科学,1.085697839411966,391,0.41063616
novel,小说,1.038469517759933,223,0.46078494
heroine,女伶,1.0938972373631572,1160,0.40170524
mistake,犯了,1.0736834822075954,1583,0.4235994
rhythm,旋律,1.0799883850816703,613,0.41678452
laboratory,实验,1.080230872314226,643,0.416586
art,雕塑,1.0705280704776172,439,0.42697176
optimization,分析,1.1737721919018567,7346,0.31111723
burden,负担,1.1059735773924162,316,0.38836914
view,看,1.0971110944420606,86,0.3981711
reaction,反应,1.09301297481225,1337,0.40267143
discuss,瞭解,1.0906955845529573,1180,0.40520677
beijing,北京,0.8107647395777379,29,0.6713088
culture,文化,0.8918091892302638,3,0.6023382
tradition,甚早,1.1282925700202977,1744,0.3635159
already,早已,1.0265091746746675,225,0.47314718
effort,亟需,1.0661958252744979,236,0.43163982
behavior,相斥,1.1033827598998172,2554,0.39128533
champion,赛,1.1660588140128016,2436,0.32020235
acclimatized
noon,晚上,0.9356757472081518,17,0.56224966
exception,例外,0.9411619271389996,8,0.55709577
doctrine,要旨,1.1400453700072228,2603,0.35017025
shandong,安徽,0.9897856108407633,656,0.5101729
metal,焊,1.0615467996175185,291,0.43654576
yoga,瑜珈,0.9663418076783353,125,0.5331043
significance,重要,1.1158592599922565,235,0.37742758
equipment,器材,0.967468449600774,42,0.5319683
running,跑,1.0453471188576153,11,0.4536173
conduct,偏私,1.1253612501233214,1285,0.36679572
minibus,巴士,1.1028765111368888,327,0.39182463
related,涉及,1.0847022787472325,99,0.41173083
experience,感受,1.054784287956236,288,0.44369078
reach,超越,1.0703714678423752,46,0.42716786
painting,雕塑,1.0383519079739034,537,0.46094823
yes,你,1.1386267093116507,1543,0.35178685
pick,挑,1.0617351529517807,48,0.43636304
apple,苹果,0.9576369481946732,25,0.5414497
malicious,蓄意,1.0852714470020017,2383,0.41114005
children,小孩,0.9708965402471045,54,0.5286974
non-stop
helpful,竜龙,1.0340628879085303,1476,0.46535948
influence,受到,1.0353950045350742,143,0.4639714
bit,很,1.060670767880954,655,0.43752086
tired,累了,1.0767954975911211,1745,0.42027923
choice,选择,1.0317295891445606,21,0.46779722
handsome,英俊,1.0127213554821142,225,0.48720005
really,真的,0.9641929763157066,898,0.5351778
la,蒙,1.111155912817444,3539,0.38268444
these,很多,0.997069674713671,119,0.5029303
spend,要花,1.045617525613768,55,0.4533357
vacation,度假,0.9072992324881411,10,0.5883796
inside,外面,0.9725015716248778,16,0.52711177
glass,玻璃,0.905356247631494,25,0.59014934
ladder,梯子,1.0164619420290768,7,0.48342362
danger,危及,1.0028621056899159,111,0.49713826
stimulate,刺激,0.9830153953112457,87,0.51683444
yeah,咦,1.0263645339107073,1074,0.47329485
please,竜龙,1.1061066564732127,1001,0.38822407
global,全球,1.030911715297777,26,0.46862683
us,美国,1.1112922874212023,45,0.3824993
cannot,不能,1.0069256952989663,173,0.49304312
muscle,肌肉,0.9799353120565728,431,0.51982564
weightlifting,柔道,1.0344702519991964,197,0.46496812
national,暨,1.096144928548749,28,0.39923364
question,回答,1.0066868699278269,363,0.49327677
rebirth,重生,1.0544850108125243,148,0.4440452
employment,雇主,1.0830154676357675,558,0.41353443
hanging,吊著,1.0336235662711484,151,0.46582264
poke,耍,1.052870110706624,171,0.4457217
pressure,压力,1.000666854048445,80,0.49930146
age,岁,1.070955311617109,24,0.42654192
test,测试,1.0804010362882486,88,0.41633996
easily,容易,1.0334472683711093,120,0.46600068
buddha,佛陀,0.9964467637319963,417,0.50352323
dream,梦,1.0371479789511608,89,0.46216556
bag,袋子,0.9557350845609962,20,0.5432796
heat,冷,1.0174670787628288,119,0.4823726
loud,嘶,0.9885333694278642,215,0.51139677
its,仍,1.1072108091292059,107,0.38702324
progress,努力,1.0918914264655277,78,0.40389085
instruction,指令,1.0595905105128631,128,0.43861267
bright,明亮,0.9676948241122845,83,0.5318099
spitting,咬,1.0831893623482576,633,0.413292
june,九月,0.9420722310832368,16,0.55623233
cast,演,1.0980037803307947,270,0.3971593
story,故事,0.9367192084407019,20,0.5612966
invite,邀,1.0517269781141818,212,0.4469137
contest,踢,1.166906359609302,643,0.31913793
others,其他,1.0674549815117886,123,0.4302426
enough,就算,1.0370126112632219,352,0.46229562
quickly,很快,0.9271433754470849,24,0.5702072
anhui,安徽,0.9410553853168511,444,0.5572031
improve,改善,0.9080560790897806,25,0.5877221
rushed,急忙,1.1273433497148169,1450,0.3645408
quick,怎,1.1022546613243722,393,0.39252532
land,土地,0.8774865745662538,4,0.614993
complex,合,1.1347785803643708,400,0.35609698
level,高低,1.0224308317645499,6,0.47732282
engineer,工程,1.1154822272619835,405,0.37785268
action,匪,1.0919470442933312,12,0.40378994
area,附近,1.0588868861221086,146,0.43941513
maybe,我想,1.0248220958461203,909,0.47485575
pioneer,先驱,1.0787669769417236,106,0.41813266
longwan
renovation,整修,0.9366903538790444,48,0.5613135
bread,菜蔬,0.9876738543326891,344,0.5122344
predict,推算,1.0865855037912524,1028,0.4096776
imagine,想像,1.0259463775889108,633,0.47370952
mechanism,机制,1.1010986002135281,2662,0.39378142
competent,懂得,1.1047354138975505,1237,0.3897618
music,音乐,1.0760708514251698,752,0.4210318
pocket,口袋,1.017296326558958,6,0.48250583
basketball,足球,1.074289299084021,448,0.42295086
subway,地铁,1.1326339766027085,736,0.35855648
language,语言,0.9666174223635984,75,0.5327977
dare,敢,1.0178363246967468,7,0.48203883
deskmate
foot,腿,1.0477922477082517,44,0.45104644
mechanical,工效,1.1001122162455264,1045,0.3948273
host,播,1.1097380439892583,106,0.38425878
finally,再度,0.9847511367801527,78,0.51514983
atheism,思想,1.1237083786271578,3221,0.36866096
character,角色,0.9313812653370647,30,0.56626207
bidding,斥,1.1792047441726812,1979,0.3047498
acceleration,加速,1.025279519810408,335,0.47442576
button,按下,1.0353006780936564,103,0.46409994
cover,封面,1.0276122467642945,16,0.47201386
values,值,1.0281786781526552,146,0.47139478
substance,成分,1.093875926131478,1475,0.4016832
so-called
duty,服勤,1.0815549980075199,104,0.415115
huangshan,桂林,1.0123134876305067,706,0.4875934
slower,慢,0.9746254677389772,51,0.5250541
seek,以求,1.083323521026184,505,0.413226
probability,概率,0.9986259070128369,690,0.50139356
towards,朝向,1.0674083017995015,61,0.43031335
depressed,苦於,1.0847794399213715,648,0.41162807
materialistic,追求,1.0960004213124386,5462,0.39937893
worldwide,全球,0.9428050122982174,4,0.5555608
down,往下,1.1378292079818801,671,0.35269383
advantage,靠著,1.057230378264567,138,0.4411537
activists,份子,1.1136397549662114,1179,0.3798758
fujian,福建,0.937640848281796,423,0.5603956
accept,接受,1.040458067217286,115,0.45870924
memory,记忆,1.0907391735220078,197,0.4051536
start,完,1.0285685976342385,13,0.47105598
tesla,特斯拉,1.1135596241015167,337,0.37996808
catch,抓,1.0229026266609678,41,0.47685313
also,亦,0.9752943033081956,21,0.524381
walk,散步,0.9960026128647964,12,0.50398135
grid,弧,1.1437416088755636,643,0.34589288
that,但,0.9917555937837259,307,0.50820297
various,不同,1.0038376165128693,69,0.49613246
remote,偏僻,1.1137670869098923,414,0.37977687
code,制定,1.1351490244854765,413,0.3557129
must,只要,1.0026825996229,84,0.49727988
agree,球球pk,1.0443796959933007,1899,0.45466268
mutually,彼此,1.0082849215235272,18,0.49168178
daily,每日,0.9164274095687237,7,0.58008844
anyway,竜龙,0.8910860466732193,528,0.602967
fingerprint,指纹,1.0387796626705728,70,0.46044195
heard,听到,1.0728266179389718,306,0.42451176
rich,富有,0.9872360784720827,8,0.5126795
warped,扭曲,1.079609190540364,250,0.41716763
earn,拿到,1.0463381467932138,60,0.45259136
youfu
holiday,假期,0.915794729439346,11,0.5806884
studious,乖巧,1.0691174580376577,979,0.4284831
penguin,企鹅,1.1109619173314693,151,0.38288072
are,其他,1.0679520722365756,129,0.4297333
religion,宗教,0.9234544069054382,88,0.57360816
angle,角,1.0411904578924214,258,0.45796973
part,部份,1.0327773971949366,15,0.4666718
none,未,1.1304170168183132,164,0.3610513
era,末期,1.0340159405252227,18,0.46542063
system,制度,1.1069248639520801,150,0.38733858
snapped,摔,1.1213554868010327,1177,0.37123975
innate,感受性,1.107420633697647,3348,0.38680914
on-line
each,每一,0.9753154677657664,18,0.5243526
slowly,慢慢,0.9148193637175971,18,0.58152455
certainly,既然,1.0094475215935161,1604,0.4905278
task,要,1.10743525609877,236,0.38682872
it,它,1.008840962791997,30,0.49109796
transnational,共同,1.1723985849034129,3088,0.31278417
charge,充,1.0910840989493782,68,0.4047263
disadvantages,因素,1.149206133206425,5406,0.3396435
operation,北越,1.1825918867781564,1447,0.30074096
quite,很,0.9922096236816303,529,0.50779593
teaching,教育,1.074674987116938,552,0.42251706
shortsighted
difference,差等,1.0155395973967165,78,0.48433793
youth,青年,0.922508933807713,3,0.5744813
data,数据,1.0571682599696346,193,0.44122887
role,扮演,0.9368538973485138,9,0.5611405
rest,全部,1.0508883608059845,34,0.4477909
source,可靠,1.0836351819670396,182,0.41286752
keep,恭喜发财,1.0507744558029188,543,0.44789404
product,産品,1.0592886560761292,151,0.43894675
get,才想,1.0063089770435032,198,0.4936727
of,的,0.9815052296628324,3,0.51829976
become,成了,1.110896239047892,139,0.38289857
ten,十,0.9456295397755096,28,0.5528907
let,你,1.0349276281181985,277,0.464439
collect,收集,0.9688250749127663,8,0.530691
short,短,0.9571933908763931,3,0.54186374
occupy,聚集,1.100735001419151,172,0.39418325
morning,晚上,0.8942357124890998,22,0.60020393
activity,活动,1.1137188617899105,554,0.37978762
direction,方向,0.9756764879727747,5,0.5239971
stand,坐,1.0624625484423154,13,0.4355476
speculation,炒作,1.1153298860473513,1494,0.37804744
said,指出,1.062087664384909,685,0.43596753
years,之久,1.0463505823816985,33,0.4525944
ripe,成熟,1.0767911372856875,193,0.42026284
sit,安坐,1.0207326767358977,12,0.47902992
explode,引爆,0.9646293550485411,89,0.5347382
dumb,怕人,0.9610078011348747,94,0.53825545
choose,若是,1.0910751719656544,354,0.40476936
energy,能源,0.9540584383169711,21,0.5448676
empty,空,1.0873468658555394,134,0.4087846
second,第二,0.823782990789423,9,0.66071236
break,打破,1.0163365032452345,13,0.48351386
squeeze,抽,1.0805534559964283,143,0.41619647
fear,抗拒,1.024525723745678,449,0.4752175
baidu,百度,1.0991880116281358,878,0.39591485
letter,信函,1.0459849448034462,52,0.45299083
cost,成本,0.9543514483482944,50,0.5445915
purchase,出售,0.9612580459816684,71,0.5379968
aspect,著重,1.0578560314253882,212,0.4404503
taobao,中文,1.084050018251634,522,0.41245145
stare,唠叨,1.1548134406377673,921,0.33321932
checked,查到,1.09541265811835,1146,0.400049
barbaric,暴戾,1.1203728798788795,3088,0.37241673
game,玩法,1.0403227933963253,232,0.45885536
piece,多段,1.0711721154035805,131,0.42629555
learned,精通,1.0902586307895297,380,0.40564293
account,退,1.1498074923168702,1124,0.33898413
everything,真的,1.061967105715709,926,0.43611625
preference,偏好,0.9611864970945991,13,0.53803647
exhibit,展出,1.050707937100723,48,0.44801626
bet,抹,1.0745768579269406,46,0.42260826
step,一步,0.9622314860641085,4,0.53707635
literal,含意,1.0528268086882766,388,0.44577545
parachute,滑翔,1.1262345095022652,1121,0.36583698
around,都在,1.092027700633958,107,0.40376323
free,自由,1.0294855279125044,4,0.47001824
uniforms,制服,0.9960680960071998,115,0.5039595
american,裔,1.066761657069397,57,0.43098292
difficulty,容易,1.1128675918165123,991,0.38076705
xianyu
hospital,病院,1.0077037783378893,157,0.49229908
burst,迸出,1.0246463355346844,85,0.47505412
korea,韩国,0.9010942679605153,84,0.5940322
happiness,幸福,0.9433257162696812,41,0.55506533
separated,分隔,1.0794543214922023,92,0.4173366
oops,抱歉,1.0324697245166699,571,0.46704236
communicate,瞭解,1.0917218250266307,689,0.4040778
recently,最近,1.0157728190322868,27,0.48408875
actuary,精算,1.1265353734887904,753,0.3654237
classmate,好友,1.027988473954303,160,0.47163612
download,下载,1.0801878898850659,658,0.41657454
factor,因子,1.0410310288815268,30,0.4581262
heaven,天堂,1.0325535690375174,190,0.46692374
all-round
pipeline,管道,1.0098982828885443,37,0.49002874
algebra,初等,1.1530923030709566,2898,0.3352127
incomplete,不全,1.047967620158849,38,0.45091632
unite,抗衡,1.1371057075746758,942,0.35350096
article,yamaguchi先生,1.048404236870506,927,0.45040655
undergrad,理科,1.1067077083641008,438,0.38762867
fuel,燃料,0.9613283612383031,132,0.5379421
newspaper,刊登,1.0559960852211672,205,0.44244692
then,接著,0.9442965475415569,25,0.5541898
athlete,柔道,1.0969553670320422,298,0.39835426
video,影片,1.0294224880250993,188,0.47018114
specialize,熟悉,1.1411018246028062,398,0.34900585
inevitable,必然,1.0557624932671437,1673,0.4427002
optional,自定,1.1019331283635252,206,0.39290297
sing,再唱,0.9215027794058795,9,0.57541543
passionate,率直,1.0956276880025302,2658,0.39979035
point,角,1.0460876193881898,11,0.45283395
over,逾,1.1326506386031798,227,0.35854366
interaction,相互,1.039810501118085,139,0.45939904
delay,拖延,0.946668462505202,9,0.5519292
iflytek
dangling,勾住,1.0863373795648308,974,0.40994304
they,但,1.059017480619304,198,0.43923196
car,车,1.0240343779878438,404,0.47565058
boys,男生,1.0281830800660292,45,0.4713923
profession,投身,1.1198589610026233,740,0.37291837
book,一本,0.9744446751315543,64,0.5252362
inspire,鼓舞,1.092643981144718,706,0.4030757
payment,支付,0.9334943398593444,125,0.5642873
skill,技巧,0.9797195212848457,105,0.52004975
cancer,癌症,0.9099632577519995,121,0.58598703
good,好,0.9980124338359744,69,0.50198776
supervision,监督,1.0845477026632335,117,0.41184884
motherland,祖国,1.0482684404690508,83,0.4505984
occur,肇因,1.157805980488943,3133,0.32973754
furnish,索取,1.0816609887977586,75,0.41497272
otherwise,除非,0.9824693273003149,214,0.5174133
but,但,0.9251689869818664,128,0.5720575
hiring,聘用,1.018855427296625,62,0.48097587
generate,藉由,1.1520694297162968,1004,0.33632448
appearance,外表,1.0368634545189686,23,0.4624575
guangdong,福建,0.95486926464787,476,0.5440794
look,看,1.0008377985797448,189,0.4991638
composition,整首,1.12703019032171,643,0.36488032
technology,科技,0.9555136906518632,46,0.5435124
teach,唸完,1.0593078534824563,186,0.4389204
hour,每晚,1.0258141627887087,51,0.4738507
hey,嘿,1.0181561471774736,169,0.481659
recommend,yamaguchi先生,1.0876614265947895,1444,0.40848106
misery,痛苦,0.9882980028028031,148,0.5116277
trick,帽子,1.0446293049374729,37,0.4543497
favourite,捧,1.1079942010601904,225,0.38620228
image,照片,1.0571498466038802,135,0.44123998
meet,跟,1.1308802363980928,245,0.3605447
envious,嫉妒,1.0440894907627842,1616,0.4549718
responsible,负责,1.0876980348387015,154,0.40847826
person,某人,1.087819304920933,404,0.40830734
think,竜龙,1.0154953732769278,2348,0.48437068
deep,深,0.9184542154080827,5,0.5782285
cherish,珍惜,0.9634869959023832,39,0.53584385
hurry,忙,1.0231556160742994,171,0.47656637
way,想,1.0148331807280537,54,0.48506325
shake,喊,1.0085610186872622,45,0.491411
safety,安全,0.9886957210818512,13,0.51123536
search,搜索,0.9983576335427442,24,0.50166816
strip,弄,1.1517697536492697,436,0.33670357
playoffs,季,1.143325747702653,2629,0.3463816
uncertain,未知,1.082312515132147,274,0.41432962
expensive,便宜,0.9565382626158533,33,0.5424883
stage,舞台,1.0599883662823308,38,0.43824616
virtual,乙太,1.1671447847786154,1365,0.3188933
identify,找出,1.097447572480642,433,0.39781606
weibo,潼,1.078338481065488,786,0.4185724
quality,低劣,1.0277143348839237,16,0.4719085
stranger,陌生,1.0584609772370792,594,0.43982348
plan,打算,1.0271114070286467,22,0.4725415
pull,拉住,1.0189877144511836,175,0.4808509
balance,平衡,0.9041648296412483,12,0.59123653
sample,抽取,1.0621097447248902,23,0.435992
soft,硬,1.038295145019426,33,0.46100467
responsibility,推卸,1.150326518406775,1828,0.33847144
talking,吵,1.0464126948191301,930,0.45253918
performance,表演,1.050137395789735,49,0.4485877
relatively,非常,1.025383181669467,187,0.47432747
company,公司,0.8760336742463986,8,0.6162573
lazy,甭,1.023775954126781,190,0.4758774
conflict,矛盾,1.0387873950071862,242,0.46044606
usa,美国,1.134930209807551,252,0.35597447
increase,增加,0.9030750413428806,25,0.5922253
born,出生,0.9290442398912199,9,0.5684452
seafood,食品,1.0553545380331084,596,0.4431283
hair,眉毛,0.9989056198665774,188,0.5011052
reasonable,yamaguchi先生,1.047825974947945,1977,0.4509946
guide,指南,0.9645684822279621,7,0.53479964
hinder,防止,1.060666507078308,208,0.43748447
mainly,大多,0.937110121677297,20,0.5608938
xi'an
bother,竜龙,1.0164756583729033,1310,0.48336193
clever,巧妙,1.045404821033804,1425,0.4535066
prices,租金,1.1091460436636513,951,0.38490433
arrive,前往,1.0446886723972861,346,0.4543248
there,有,1.0820328896060423,257,0.41460538
sink,沉,1.0316922388770116,40,0.46782658
family,家族,1.0303144406509077,14,0.4691957
some,有些,0.9247232720786117,20,0.57242167
we,不然,1.0254045778897867,806,0.47430536
fixed,固定,1.081065282170268,192,0.41566133
include,包括,0.9782244762133019,14,0.52155197
expand,拓展,0.9865475452936766,26,0.5133675
specialties,各式,1.1604770366905213,1761,0.32666108
fire,火,0.9472753461974722,23,0.35011137
football,足球,0.9847108816581452,65,0.51517856
refine,提昇,1.1083739982084682,631,0.38574803
simulation,模拟,1.0748188552205291,714,0.42234245
introduce,引入,0.9784540302367042,36,0.52130497
completely,完全,0.9751587438177773,48,0.5245235
sacrifice,赦罪,1.0739923638775086,306,0.42328462
lycra,泳衣,1.0913111853878241,686,0.40450683
travel,旅行,0.9430935915137255,14,0.5553085
state,州,1.0363179848445916,7,0.46302268
pet,狗,1.0356175321419026,46,0.46373606
knowledge,瞭解,1.0177982546502293,153,0.482062
statistician,统计,1.1559369849024277,1620,0.33192208
central,中央,1.0161149133854934,7,0.48375124
association,协会,1.118826484502095,117,0.37411737
strangeness,相斥,1.0907843868090987,1818,0.4050992
kind,很,1.018867443523968,186,0.48095778
positive,肯定,1.0914969015126978,175,0.40435475
close,靠近,1.0902543928899684,27,0.40568054
student,在校,1.0667708609036222,136,0.431043
theory,概念,1.054686693410921,1117,0.44380322
strong,弱,1.0079646613400064,25,0.49202132
government,政府,0.950228153461321,35,0.5485559
manage,接手,1.1187866878076054,549,0.37414432
sure,竜龙,1.0437332340951821,2252,0.45527324
august,九月,0.9542809000685477,14,0.5446743
tent,篷,1.0830627185751511,206,0.41350353
eight,十二,0.9080868998431811,28,0.5877016
actual,本身,1.0121305602434538,235,0.48781836
earliest,最早,0.8825526460813784,7,0.61055255
constantly,常常,1.10611690964029,2181,0.38821635
professor,教授,0.8950686817092194,31,0.5994123
again,再次,0.9294553805844503,14,0.5680468
hongkong,香港,1.0468436336815883,122,0.45206037
consider,是否,1.0594755206160567,980,0.4387567
send,告知,1.0142584555395797,45,0.48561856
read,閲,1.0431914012774466,437,0.4558429
writer,作家,0.9620579877765777,68,0.5372129
score,得分,1.096711595729497,78,0.39861408
hobby,嗜好,1.0657587052013977,29,0.43206438
students,在校,1.0581410093822212,276,0.4401947
judgement,公允,1.072437467324364,1073,0.42490155
outshine
chinese,粤,1.025597306043264,733,0.4740579
called,叫做,1.0710311885994097,83,0.42643094
run,跑,0.9999740737193995,5,0.5000026
serve,提供,1.1279672653656443,119,0.36382702
delivery,抵,1.1447371385351532,1056,0.3447291
find,找到,0.936097758529549,24,0.5618845
success,成功,1.0347803773383697,76,0.4646198
class,型,1.1246622228646854,75,0.36758426
made,覆,1.2162977241346127,925,0.2603386
draw,仗,1.0641922595482873,62,0.4337143
gaga,撩人,1.114988022498651,1395,0.3783704
handle,方便,1.1040331598541324,476,0.3905816
why,怎,1.008466378230566,731,0.49150866
twenty,四十,0.8685397889959798,26,0.62283397
absolute,理想,1.087021756659986,433,0.40925023
cruel,卑鄙,1.0347704178239605,706,0.4646286
aesthetic,美感,1.026993193604647,581,0.47262046
chapter,卷,1.088843530005174,47,0.40722904
although,仍然,0.971183049600224,115,0.5284021
destiny,命定,1.0457743301733278,74,0.45315266
drink,喝,0.8847224838427701,25,0.6086238
live,唱,1.1216567696846604,145,0.37084377
asia,亚洲,1.0321950128623842,56,0.46729115
childhood,童年,0.9911817029924915,48,0.5087557
screening,抽查,1.096958173998665,183,0.39833078
waived,底薪,1.1845620956273928,2193,0.29841605
efficient,效率,0.996016625825683,155,0.5039493
write,写,1.084981962109069,311,0.41143727
malay,马来,1.0797294939087365,1057,0.41711304
difficult,容易,0.9938921306950773,129,0.50606143
society,学会,1.1180077772934782,275,0.37504995
translate,懂,1.069449457272498,197,0.4281734
sometimes,常常,1.0307262176082257,148,0.46878943
ahhh,咦,1.1030352457226134,1678,0.39164743
out,怕,1.1249936109696,388,0.3672366
hope,希望,1.0031729801317286,27,0.49677092
discriminate,排斥,1.1266768710313655,1961,0.36527798
treat,患,1.0931076154648272,701,0.4025659
card,卡片,0.9283572754609283,7,0.5690861
phd,教授,0.9747051518786574,107,0.5249336
information,信息,1.0387980455756745,93,0.46049735
jiangsu,安徽,0.9771323951229638,574,0.52261907
protocol,呼叫,1.1594347186621814,1976,0.32782683
add,添加,1.0361151627376368,119,0.46324152
more,更,1.0200898638715448,60,0.4797201
spread,蔓延,0.9975421896337925,9,0.5024216
distinguish,混淆,1.055707368877615,179,0.4427295
put,把,1.1061552675859205,360,0.38819808
corner,街,1.0350591127188908,56,0.46431676
timely,及早,1.086390788461059,156,0.40986928
inspiration,取材,1.121392509585539,1729,0.37124166
uniform,制服,1.0381278802111003,65,0.46113235
cantonese,粤,1.0018654870068369,171,0.49814972
sell,出售,0.9869005097364364,56,0.5129978
period,初期,1.0109155174697015,27,0.48902273
identification,识别,1.1283657365160333,349,0.36339018
limited,有限,0.9500668853270887,2,0.54867613
place,在,1.0776606598005694,16,0.41933843
dispersion,吸光,1.1204536222681012,3799,0.37230712
relevant,yamaguchi先生,1.0745931552668722,1473,0.42262277
planted,栽植,1.0634560152426218,291,0.43453285
first,第一,0.9080789705226747,6,0.5876822
notice,竜龙,1.0768898712730257,254,0.42015308
indonesia,印尼,0.9052623097367887,98,0.59023154
great,大,1.1132896869495792,93,0.38026693
girl,女孩,0.9210042644535756,26,0.5758674
delete,恭喜发财,0.8951408130265311,123,0.59936446
seaside,渡假,1.0549427447913289,145,0.44355857
superior,低,1.1532381241661438,146,0.33502823
bomb,引爆,0.9803576408030257,62,0.5194665
rather,而不,1.0345723008078727,687,0.46484962
correct,更正,1.0976009906577748,2752,0.3976334
impact,受到,1.0479827135321265,40,0.45088214
important,重要,0.8680547182569777,7,0.62324995
decline,衰退,0.964051076938221,40,0.5353222
ask,回答,1.0171691812882893,404,0.48265147
catalyst,催化,1.0922024801334174,943,0.40352836
staff,主管,1.1207153295555872,497,0.37197387
bed,床上,0.9494906236379589,16,0.5492512
like,不像,0.9536452123889098,37,0.5452729
trust,基金,1.043229693967127,25,0.45583588
benefit,更好,1.0733379258973021,280,0.42399278
premise,前提,1.0869257746798036,1590,0.4093139
species,目下,1.1069709195228672,4690,0.38730514
renew,告吹,1.0763277660537098,190,0.42077175
college,分校,1.0740818893668518,299,0.42316616
expression,表徵,1.0644072746647695,641,0.43350837
accomplish,做到,1.0724230565048796,383,0.42497388
actually,只是,0.9601994071790458,400,0.5390188
water,水,0.9288247259863697,40,0.5685887
dictionary,字典,1.0219885511591653,67,0.47775528
violate,遵守,1.0726786122310523,1409,0.42467317
speaker,揆,1.1679233937198,820,0.3180099
finished,完成,1.1196385701807567,571,0.3731536
ugly,怪怪,1.057440926439218,713,0.44089833
no,未,1.1204671736225225,128,0.3722747
europe,欧洲,1.010613790115731,33,0.48932096
come,你,1.065926943790308,183,0.431928
interested,瞭解,1.0319152283895752,139,0.4675727
past,多年,1.0968965455105801,54,0.39840567
make,弄出,1.0624119755788142,177,0.43566766
enterprise,商,1.1483259776308643,1083,0.34067488
wheel,扭,1.0665721483148867,468,0.4312559
software,程式,1.0907824632526648,1630,0.40503228
reduce,降低,0.9515332460256903,96,0.54726976
channel,台,1.0767482891837958,291,0.42034262
movie,影片,1.012202376044222,260,0.48772377
camera,底片,1.0708503263760518,482,0.4266726
exercise,作息,1.125381636230426,482,0.36673176
dedicated,致力於,1.132191811372327,244,0.35906798
generally,大多,0.9781949063540192,87,0.5215564
doubles,夥,1.1324461023879746,1241,0.35878748
total,共,1.0339621059468451,31,0.4654714
through,藉由,1.0691101012131234,54,0.42847097
control,控制,0.858619809591969,4,0.6313837
casual,閒逛,1.1120539321681826,804,0.38169804
tasty,腥味,1.0101915990755057,480,0.4897636
feasible,可行,1.0646201050121156,248,0.43327695
satisfy,yamaguchi先生,1.0593864238212796,303,0.4388428
addicted,沉迷,1.0393353777235042,490,0.4598374
local,本地,1.0924491122016564,31,0.403246
garden,花圃,1.0244886340106494,85,0.47520036
disaster,事故,1.021412879179437,60,0.47833344
money,拒付,1.0191892025790672,253,0.48061296
ranking,排名,0.9169572024259038,6,0.57956535
function,功能,1.1059879471892826,1226,0.38835967
cooperate,合作,1.0816548463772067,570,0.4149993
diversification,迅猛,1.1074358516421545,1360,0.3868054
hold,持,1.0571876294307285,18,0.44119748
standard,标准,1.0171904274378398,32,0.48268053
january,九月,0.97126497864036,18,0.5283301
anaerobic,好氧,1.1402867887795871,5496,0.34983242
interview,透露,1.136056551287238,1314,0.35473788
premium,付,1.0760938259515698,278,0.42102334
programmer,程式,1.059912611417062,354,0.43827778
compare,看,1.135462490467222,462,0.35535145
above,yamaguchi先生,1.1025877699376019,357,0.39215314
post,今早,1.1219776764919862,57,0.37061417
project,正在,1.1169476581294753,238,0.37619635
bad,不好,1.0876596586505383,452,0.4084812
sound,音效,1.0231865367313253,81,0.47657436
english,法文,1.0377180921784916,30,0.46160448
shallow,岩岸,1.0459837884438685,443,0.45295572
not,也不,1.0056555313791335,202,0.49433106
moon,月亮,0.9799971955341767,27,0.5198148
classmates,朋友,1.0510728553422328,91,0.4475846
reality,全然,1.1123217899467435,865,0.38137624
style,揉合,1.138601417721378,524,0.35178927
textbook,教材,1.027580889753217,51,0.47206733
fast,慢,0.9672440363056541,10,0.5322332
tianjin,合肥,0.9673456445706662,469,0.53212017
toefl,必考,1.1451012753562524,741,0.34431487
convenient,方便,0.9822521215925449,37,0.5175814
documents,文件,1.0496190218784596,193,0.44916934
internet,网路,1.0996719712469365,651,0.39535356
how,如何,1.0227366894013514,242,0.47702116
leave,留在,0.9923504038838724,52,0.5075957
eat,吃,0.9131281540084379,14,0.58309376
coming,去到,1.0527557762715345,70,0.44577494
dachang
adhd,症,1.1292507101220683,2776,0.3623703
overcome,克服,0.931794619585515,16,0.56587213
artificial,人造,1.0129270455826445,9,0.48697603
accompany,前去,1.0788609677141667,94,0.41802058
opponent,踢,1.1114525108771849,417,0.3823302
appreciate,不吝,1.0676444753564884,2876,0.4300851
kill,逮住,1.004489567926266,291,0.4955194
easy,容易,0.9763869707768643,28,0.5233385
adapt,克服,1.1108993798213367,510,0.38290995
torture,酷刑,0.9832566045955377,173,0.516578
star,星,0.9475430052369338,4,0.55107915
courseware
current,原本,1.0871410374923587,28,0.40906578
september,九月,0.9522545936415081,16,0.54661083
regulation,促,1.0954201362900982,691,0.4000221
pack,拖,1.0884296468592256,81,0.407631
hire,雇用,1.0284384785628864,53,0.47118217
involving,涉及,1.0224765279313466,24,0.47728756
paintings,雕塑,1.0514664776825546,721,0.44720638
form,形式,1.0303319217302938,17,0.46922603
fun,好玩,1.0279725806364166,463,0.4716444
seem,竜龙,1.0337490504604947,1586,0.4656782
song,歌曲,0.9283789503129362,56,0.56908786
tower,高塔,1.079400764760614,374,0.41750428
mess,弄得,1.0466867920786815,318,0.45219156
vote,投票,0.9811493072904949,67,0.51868105
heavy,沈重,1.0605800608020162,54,0.4375609
six,七,0.9324120646462823,34,0.5652932
few,不少,1.0141749701155827,58,0.4857264
life,生命,1.0008054722151836,8,0.4991951
almost,近乎,1.047924649745625,171,0.45090836
butt,屁股,1.0260666239034042,17,0.4735722
exist,存在,0.9992046492316616,38,0.5008407
iq,智商,1.0196717205711603,11,0.48012727
snow,冰雪,0.9957394408092766,39,0.50425696
afternoon,晚上,0.8703799266362984,18,0.6212214
parking,休憩,1.1024908615215687,905,0.39224306
base,基地,1.0585449969301222,13,0.43970296
meteor,流星,1.0288138051246891,36,0.47075573
seen,看到,1.0531466057264565,94,0.44542572
diverge,延伸,1.0387549465727306,74,0.46050453
explore,探索,0.9422009915169182,16,0.55609477
cv,郁,1.1488015306976556,178,0.3400924
smoothly,稍微,1.1366280713184078,1629,0.3540472
develop,推展,1.0487170350781174,161,0.45009506
release,推出,1.0423831242018828,82,0.45664638
strangle,勒住,1.0329776086548215,552,0.46647426
popular,有名,1.0590814191185722,64,0.43917137
bear,狗熊,1.0265178841552343,19,0.47314107
magnificent,宏伟,1.0909938812036277,606,0.40489978
shield,盾牌,1.0252659504989923,16,0.4744143
perception,感知,1.0460509172710453,1436,0.45285043
sent,送到,1.0625169810076702,194,0.4355518
who,一位,1.0696995437605112,319,0.42784044
promote,提倡,1.0452569267008023,154,0.4537261
won,拿下,1.0947788544700139,216,0.40070575
follow,依循,1.0029881130687641,18,0.49703142
especially,尤其是,0.9038314979957862,22,0.5915703
dinner,聚餐,0.9691435996393118,57,0.53038335
do,要,1.1226807325871393,836,0.36982414
volume,量,1.0789037839505031,67,0.4179453
answer,回答,0.9593746441344441,66,0.5397952
gimmick,扮,1.1260689476382229,2628,0.36602396
eh,噢,1.066606569184215,70,0.43118185
contribute,瞭解,1.0825096368839493,489,0.41405886
significant,重大,1.0614502690296268,159,0.43667254
joint,共同,1.0698802025588303,16,0.42772985
ensure,以便,1.0695422809269013,331,0.42807406
lose,失去,1.0046303406386352,31,0.49538353
master,匠,1.1032703406952418,84,0.39141124
index,索引,1.1018424781848966,26,0.3930305
undergraduate,本科,1.0585136166388376,448,0.43975633
rent,房租,0.9394750724275196,21,0.5587056
pity,愁苦,1.049825806311377,895,0.44891042
incite,唆使,1.0508270824045447,627,0.44787243
die,死,1.1153104612911524,1272,0.3780191
independent,独立,1.0601860910066434,16,0.43797436
bar,酒吧,1.1156493838295616,54,0.37766543
closed,已於,1.1672937624573985,185,0.31872788
speed,速度,0.9441017793966218,16,0.55433893
fragments,碎片,0.9813823364778738,16,0.5184486
collective,群聚,1.1449193618042701,611,0.34458852
real,真正,1.09050595308814,49,0.4053766
boring,奇怪,1.1021772088775352,1309,0.39256528
earth,地球,0.8682722143479187,10,0.6230289
electricity,能源,1.0940038177873923,555,0.40153563
tune,唱,1.025665477451146,146,0.47399157
go,吧,1.0466548620150453,87,0.45226964
in,於,1.0011632408702118,6,0.4988525
hang,抱,1.030740581984709,15,0.4688201
official,官方,0.9579162544487368,7,0.54119635
lulu,妮,1.126559316299638,831,0.365438
recall,回覆,1.1292527492056388,1568,0.36238772
brother,弟弟,0.8890478735763969,37,0.6048095
famous,有名,0.9104770724868426,11,0.5855338
curious,奇怪,1.0267527630901314,528,0.4728621
work,工作,0.9463516950701147,3,0.55219465
direct,直接,0.9889919814066012,6,0.5109704
session,日程,1.0875224422684462,47,0.40863672
steadfast,勇敢,1.0885800265616405,883,0.4074968
knife,刀,0.9595442162871545,34,0.5396635
oh,妳,1.0734795331429732,85,0.4238575
hkust
meeting,出席,1.0800763486614018,117,0.4167169
just,就算,0.9744706259124724,230,0.5251961
next,就在,1.0386049389226664,21,0.46066436
buoyancy,浮力,1.0176688522994837,353,0.48217353
library,图书,1.0900235586315818,153,0.40592483
huge,巨大,0.96499514737685,22,0.5344036
can,可以,0.9978810588213619,96,0.502128
familiar,熟悉,0.9517695374710596,31,0.5471058
save,拯救,1.052172271970486,96,0.44650593
other,其他,0.835281289727736,7,0.65115356
suitable,适合,1.049210343102049,163,0.44952956
jianghu,年,1.1130079258944705,1293,0.3806161
plate,板,1.0844840768278052,51,0.4118994
federal,政府,1.1509673408187149,760,0.33768076
arrange,安排,1.0299430093701933,56,0.46962497
win,拿下,1.0479441020293307,215,0.4509237
wristband,拿著,1.0878366711928775,550,0.40831056
physics,物理,0.959708786148002,162,0.5394598
existing,原有,0.9775477969076748,14,0.52221
path,沿著,1.055802695794455,36,0.44265553
trolley,拖吊,1.1271052906708539,1777,0.3648169
avoid,避免,0.9443501041845592,32,0.5541088
resemblance,酷似,1.0298146227267524,63,0.46976823
among,之一,1.1073951626607001,189,0.38683888
dutifully,不肯,1.159692017745549,5458,0.32756972
investigation,追查,0.9810765649361989,94,0.51875097
people,人,1.0241349721702662,11,0.47560793
degree,系,1.0707115017028075,149,0.42681187
within,之下,1.1041403772409077,98,0.39042443
