library,图书,1.0900235586315818,153,0.4059249
method,方法,0.8831555921342279,7,0.61001426
chapter,卷,1.088843530005174,47,0.40722907
seafood,食品,1.0553545380331084,596,0.44312832
hobby,嗜好,1.0657587052013977,29,0.43206438
parents,父母,0.8568129860391714,24,0.63293374
stage,舞台,1.0599883662823308,38,0.4382462
teenager,少年,1.104281927437311,1003,0.39030322
middle,末,1.1416877217826802,118,0.34824184
domestic,畜,1.1377544340608223,117,0.35272777
cognition,心智,1.0973835443145459,2586,0.3978689
children,小孩,0.9708965402471045,54,0.5286974
matter,竜龙,1.0911256893137653,2298,0.40473074
one,十,0.9796595717366189,34,0.52013946
information,信息,1.0387980455756745,93,0.46049735
book,一本,0.9744446751315543,64,0.52523625
feel,我不,1.095075942700854,2550,0.40042576
news,新闻,1.08497290220881,423,0.41141498
hour,每晚,1.0258141627887087,51,0.47385076
thought,相信,1.040116850949532,363,0.45906568
math,初等,1.1374441394456796,346,0.35314316
operation,北越,1.1825918867781564,1447,0.30074087
academic,学术,1.14494804708713,1567,0.3445605
phd,教授,0.9747051518786574,107,0.52493364
quantitative,分析,1.0187776301611076,645,0.48103118
school,高中,0.9988541866390676,131,0.5011435
environment,环境,1.007779501754342,36,0.49220118
plot,故事,1.0895131176953154,151,0.4065145
view,看,1.0971110944420606,86,0.3981711
character,角色,0.9313812653370647,30,0.56626207
state,州,1.0363179848445916,7,0.46302277
truth,真相,0.9958304044297932,85,0.5041882
business,生意,1.0932691154858443,497,0.40237853
practice,作法,1.1155503717251896,276,0.37781692
screen,屏幕,1.0300229537950822,51,0.46951607
teachers,住校,1.116300577582017,741,0.37691826
people,人,1.0241349721702662,11,0.4756079
system,制度,1.1069248639520801,150,0.38733858
kid,爸,1.0916402132612757,985,0.4041833
element,元素,0.9738046370127413,5,0.52587247
bag,袋子,0.9557350845609962,20,0.5432796
uh,咦,1.1015565518448909,213,0.39331588
student,在校,1.0667708609036222,136,0.43104297
graduate,考取,1.0523323332322947,411,0.44629788
above,yamaguchi先生,1.1025877699376019,357,0.39215314
novel,小说,1.038469517759933,223,0.460785
myth,神话,1.1141731407420572,1357,0.3793331
album,碟,1.0487076672990006,1028,0.45010176
read,閲,1.0431914012774466,437,0.45584285
reason,理由,1.0703552104938059,157,0.42718548
later,不久,1.010703577037417,57,0.4892576
television,电视,1.0486239025655173,308,0.4501896
disappeared,消失,1.0383859985570993,102,0.46086022
movie,影片,1.012202376044222,260,0.48772377
process,流程,1.0676934448085382,216,0.4300164
city,市,0.9891941851646111,8,0.5107156
teacher,住校,1.0979572433402969,448,0.39725593
classmates,朋友,1.0510728553422328,91,0.44758463
model,模型,1.044607841938465,33,0.45438805
born,出生,0.9290442398912199,9,0.56844527
korean,韩国,0.9898032065439788,231,0.51014435
way,想,1.0148331807280537,54,0.48506323
question,回答,1.0066868699278269,363,0.49327675
boy,男孩,0.991184907107272,16,0.50881374
calculate,推算,1.0460344564160582,970,0.45289373
moon,月亮,0.9799971955341767,27,0.5198147
video,影片,1.0294224880250993,188,0.4701811
quantity,量,1.0117686136979125,54,0.48814917
its,仍,1.1072108091292059,107,0.38702324
generation,世代,0.9490248473779286,3,0.549683
melon,柚,1.0881065654328739,205,0.40805337
study,研究,0.9952078189818752,59,0.50475925
enterprise,商,1.1483259776308643,1083,0.34067488
linguistics,句法,1.1302960214172741,1976,0.36127082
when,才,0.9838136668739387,100,0.5160629
south,南部,0.986914489412242,24,0.51305026
connect,接通,1.0256870953600312,58,0.4739626
classmate,好友,1.027988473954303,160,0.47163606
network,播,1.0985309132831984,350,0.39662355
language,语言,0.9666174223635984,75,0.5327977
right,左,1.0391713019474584,13,0.4600773
undergraduate,本科,1.0585136166388376,448,0.43975633
friend,好友,0.9276592995734446,57,0.56972355
youth,青年,0.922508933807713,3,0.5744813
time,之前,1.0028718688752267,22,0.4971323
girl,女孩,0.9210042644535756,26,0.57586735
imagination,想像力,1.0222458043628098,669,0.47750753
limit,限制,0.9956370001418884,14,0.5043402
violence,暴力,0.9330725191300855,86,0.564669
culprit,查出,1.0780131409148335,829,0.4189435
major,重要,1.0534738350586765,7,0.4451127
kind,很,1.018867443523968,186,0.4809578
puberty,青春期,1.028365214158463,266,0.47122967
influence,受到,1.0353950045350742,143,0.46397153
measure,衡量,0.9605229919084162,21,0.5386669
block,禁,1.0650753988218695,171,0.43284914
ability,能力,0.9307909399642046,17,0.56682926
in,於,1.0011632408702118,6,0.49885243
ceremony,仪式,1.0475447651373304,109,0.45132768
search,搜索,0.9983576335427442,24,0.5016682
possible,可能,1.0491520196637858,237,0.44966123
talent,天份,1.054345482733645,115,0.44418964
telephone,手提,1.0497309619174051,148,0.44903252
subject,是否,1.1204077414502196,1973,0.37230343
early,早期,0.9336246572140885,20,0.56420404
loss,失,1.0259565295410331,21,0.4737512
life,生命,1.0008054722151836,8,0.4991951
period,初期,1.0109155174697015,27,0.48902267
lost,失去,1.035287798959803,45,0.46409073
table,排好,1.0553742054543285,23,0.44309822
laboratory,实验,1.080230872314226,643,0.41658598
aspect,著重,1.0578560314253882,212,0.44045028
place,在,1.0776606598005694,16,0.41933843
paper,印刷,1.0405209854988136,64,0.45867905
child,孩子,0.9458726087460908,34,0.55266464
relation,只跟,1.0563204754796274,357,0.4420624
pressure,压力,1.000666854048445,80,0.4993015
research,研究,0.9409800232755798,46,0.5572998
parent,姐妹,1.1264420124362793,106,0.36554995
thing,真的,1.0139101487569249,947,0.48599926
degree,系,1.0707115017028075,149,0.42681187
game,玩法,1.0403227933963253,232,0.45885536
hostess,女主人,1.096873442039882,809,0.39842272
roommate,室友,0.9750020675174959,109,0.524666
comment,竜龙,0.960988029629122,485,0.5382263
idea,想法,0.9607581828575583,52,0.53847957
reporter,撰稿,1.121387600232286,852,0.3713086
juvenile,少年,1.0914903102954019,59,0.40433404
vision,感,1.079895440746918,228,0.41691735
remark,回答,1.0686675934394525,2384,0.4289576
type,型,1.037913029550598,13,0.46140477
activity,活动,1.1137188617899105,554,0.37978768
north,西北,0.9876659612147436,40,0.51226556
family,家族,1.0303144406509077,14,0.46919563
crab,螃蟹,0.9516200854581559,32,0.5472181
love,心事,0.9888684390135247,162,0.511061
under,下,1.148198662684194,67,0.3407869
experience,感受,1.054784287956236,288,0.4436908
damage,遭受,0.9964683633816424,79,0.50352013
effect,效果,1.0336899159055746,110,0.46575105
work,工作,0.9463516950701147,3,0.5521947
start,完,1.0285685976342385,13,0.47105595
division,旅,1.0969484587372949,103,0.39832154
material,材料,0.979276870497934,6,0.52053434
netizen
their,藉以,1.0854309397078141,117,0.4109273
concept,概念,0.8521990067444184,11,0.63686407
task,要,1.10743525609877,236,0.38682872
will,若是,1.0522040871107738,140,0.4464306
well,除了,1.0009478017420799,60,0.49905178
nephew,外甥,0.8886025770921133,41,0.6051954
official,官方,0.9579162544487368,7,0.54119635
look,看,1.0008377985797448,189,0.49916378
case,案,1.0267581575709783,160,0.47288784
completion,完工,0.9669868373141232,11,0.532446
moved,搬到,0.9727572116723331,16,0.5268842
category,球球pk,1.1165883499534657,225,0.37663263
meeting,出席,1.0800763486614018,117,0.41671684
software,程式,1.0907824632526648,1630,0.4050323
your,你的,1.0203457041060482,447,0.47948146
lure,抓住,1.0739857673051256,483,0.42343813
body,全身,1.1107550549782894,161,0.38310742
word,意思,0.9980322765172023,168,0.5019629
soft,硬,1.038295145019426,33,0.4610047
around,都在,1.092027700633958,107,0.40376323
bike,越野,1.0628747760831467,314,0.43511993
help,希望,1.0274790968541572,175,0.47209626
manage,接手,1.1187866878076054,549,0.37414435
horn,笛,1.1123452708938681,209,0.38133398
test,测试,1.0804010362882486,88,0.41633996
need,需要,0.9765373867725321,151,0.5231708
university,大学,0.9735441921986774,124,0.5260812
role,扮演,0.9368538973485138,9,0.5611405
this,yamaguchi先生,1.0800950482973757,192,0.41667068
apple,苹果,0.9576369481946732,25,0.54144967
yep,球球pk,1.0044363424295752,698,0.49553883
tiger,虎,0.9439203462258415,6,0.5545009
company,公司,0.8760336742463986,8,0.61625737
angle,角,1.0411904578924214,258,0.45796973
province,省,0.9945397445531919,19,0.50541914
power,掌控,1.0299844440170975,35,0.46957278
situation,困局,1.0700631467392117,550,0.42751744
base,基地,1.0585449969301222,13,0.43970296
taobao,中文,1.084050018251634,522,0.41245148
atmosphere,稀薄,1.0701507498459562,394,0.42739272
cat,猫,1.006424131004277,30,0.4935505
habit,喜好,1.1255539485465311,1154,0.3665062
tomato,青椒,1.020251936846471,521,0.47954488
skin,褪,1.034080148559885,733,0.46536013
significance,重要,1.1158592599922565,235,0.37742758
victory,一仗,1.0700209765722017,201,0.42748588
production,成品,1.078504191285215,109,0.4184233
soldier,士兵,0.9627821917140482,22,0.5365464
vegetable,蔬菜,0.9835592421187751,488,0.51631075
snake,蛇,0.9387669266837617,28,0.55936795
physical,生理,1.1247194213585667,989,0.36749458
ancient,古代,0.9362051768191708,29,0.56175303
finals,淘汰,1.1166941492990983,1490,0.37653193
weibo,潼,1.078338481065488,786,0.4185724
tendency,偏於,1.1033760570215163,2177,0.39126277
friends,朋友,0.9051854209741927,19,0.5903083
mean,假如,1.0338353071043145,258,0.46560174
politics,政治,1.0637224635427247,306,0.43424273
confidence,信心,1.0149924363495637,62,0.48487383
name,名字,0.8846784206721036,5,0.60867447
potato,薯,1.0167443289719496,444,0.4831013
season,季,0.948462052019465,23,0.55020183
planning,著手,1.0757727321383366,178,0.42138252
burst,迸出,1.0246463355346844,85,0.47505412
behavior,相斥,1.1033827598998172,2554,0.39128533
platform,平台,0.9901119181989987,6,0.5098191
ah,欣,1.0888673245704228,87,0.40719923
rabbit,老鼠,0.9449363621664753,33,0.5535258
contest,踢,1.166906359609302,643,0.31913796
car,车,1.0240343779878438,404,0.47565055
interview,透露,1.136056551287238,1314,0.35473788
trade,贸易,1.0666060376866986,90,0.431137
change,更改,0.9358967496690729,10,0.56204826
egg,蛋,0.962696218105379,23,0.5365941
technology,科技,0.9555136906518632,46,0.5435123
wall,壁,0.9749994569101624,24,0.52472687
stay,回到,0.995100302452508,29,0.5049058
talk,竜龙,0.8375345964113103,47,0.6492774
cooperate,合作,1.0816548463772067,570,0.4149993
relax,放松,1.0575286605431615,32,0.44084418
road,公路,0.9700466194252234,50,0.52952003
resource,资源,1.088132227326339,347,0.40799418
maybe,我想,1.0248220958461203,909,0.4748558
database,索引,1.1099374108993343,236,0.38401943
accident,事故,0.9128472932762498,17,0.5833584
transportation,交通,1.0561963038532676,118,0.44221812
opposite,相反,1.064240525839919,18,0.43372568
tool,工具,0.9067104442723397,6,0.588929
rubber,橡胶,1.0734544230394323,367,0.4238422
online,社交,1.1510939547845074,1022,0.33747867
capable,能力,1.0673752841850255,135,0.4303429
world,世界,0.8506893764758684,1,0.6381691
force,令,1.0770343534922613,170,0.41997993
throw,扔,1.0103021101504202,35,0.4896438
paragraph,概述,1.0943146550614653,960,0.40127912
inland,沿岸,1.0417814461892454,216,0.45734644
cantonese,粤,1.0018654870068369,171,0.49814984
move,移,1.0174370714438747,12,0.48242906
complaint,控告,1.078067631318948,1381,0.41888738
local,本地,1.0924491122016564,31,0.40324596
facility,基地,1.0860710484165972,261,0.41020077
blessing,祝福,0.9933916428965747,124,0.50658536
nearby,附近,0.9490850146742816,17,0.549635
community,社,1.1152368526937442,127,0.37810877
direction,方向,0.9756764879727747,5,0.5239971
favor,偏向,1.089312169372752,414,0.40672272
finance,金融,1.0343387572770684,217,0.46509627
part,部份,1.0327773971949366,15,0.46667188
no,未,1.1204671736225225,128,0.37227467
consult,徵得,1.086766015054796,364,0.40950426
internet,网路,1.0996719712469365,651,0.39535356
stamp,印章,1.0408944490963472,65,0.4582595
spicy,辣味,0.9610095184012496,351,0.5382048
invest,挹注,1.081265334065934,492,0.4154227
home,全家,1.0873586083783109,31,0.40879947
why,怎,1.008466378230566,731,0.49150875
try,找人,1.0655031643392787,140,0.4323574
step,一步,0.9622314860641085,4,0.53707635
drama,剧,1.0609010595009354,151,0.43722448
dean,教授,1.1114923370242535,805,0.3822365
sophomore,高中,1.1525865832822113,3198,0.3357701
interest,瞭解,1.085635805388655,107,0.41072583
pits,挖坑,1.0557544751090013,105,0.4426392
accent,口音,0.9673108727207747,69,0.5321306
water,水,0.9288247259863697,40,0.5685887
grade,初中,1.1445993315066183,193,0.34498224
mainland,本土,1.0838006241626041,241,0.41265392
me,你,0.976403525590257,228,0.5233378
chinese,粤,1.025597306043264,733,0.47405794
music,音乐,1.0760708514251698,752,0.4210318
leisure,休閒,0.9753158069623756,10,0.52437073
condition,患,1.037012031083461,138,0.46229187
abroad,海外,1.1196195125838613,416,0.37322843
mine,矿,1.0996206314129124,130,0.39540663
compare,看,1.135462490467222,462,0.35535148
communication,通信,1.0028749240986268,55,0.49712372
northerner,南方,1.1604831562479365,1111,0.32666913
target,靶,1.0956956352982774,78,0.39970183
culture,文化,0.8918091892302638,3,0.60233825
telecommunications,通信,1.0429014549865254,256,0.45618904
fertilizer,肥料,0.98474151159021,225,0.5151463
sports,体育,1.0596685338115355,90,0.4385206
group,群,0.9968177467833969,7,0.5031417
food,食物,0.8948068367114445,20,0.59964305
buyer,出售,1.0891633800703835,528,0.40686056
master,匠,1.1032703406952418,84,0.3914113
healthy,健康,0.989372308498452,74,0.51062524
lake,湖,0.9590193223353224,31,0.5401429
yes,你,1.1386267093116507,1543,0.35178682
electronic,电子,1.117942065877953,612,0.3750799
usually,通常,0.9117512224012976,32,0.58435214
went,回到,1.1323303474769628,494,0.35891977
welfare,福利,1.0049464167236832,47,0.4950457
hukou,江,1.1441356886983496,1434,0.3454699
gray,灰,1.0370710929101798,22,0.46225598
class,型,1.1246622228646854,75,0.36758423
bear,狗熊,1.0265178841552343,19,0.47314104
project,正在,1.1169476581294753,238,0.37619632
land,土地,0.8774865745662538,4,0.6149929
internationality
dad,爸,1.0210984279305702,189,0.47868785
undergrad,理科,1.1067077083641008,438,0.38762864
severity,引致,1.0955835170884383,1860,0.39985296
fujian,福建,0.937640848281796,423,0.5603956
mom,爸爸,0.9877928095509155,68,0.51215893
score,得分,1.096711595729497,78,0.3986141
cold,冷,0.998144990319464,33,0.50185853
poor,低下,0.9602930517700491,20,0.5389427
shantou,漳州,1.058445490046691,878,0.43985364
descendants,祖先,0.9478399507974447,50,0.55079406
northeast,西北,0.9104923254996327,42,0.5855078
lens,焦距,1.0809293234782198,322,0.41580558
tree,一棵,0.9201536751204946,10,0.5766477
machine,机,1.087994533689926,170,0.40811887
understand,理解,1.010866414490824,821,0.489057
monkey,猴,0.944425822621002,13,0.5540225
solar,地球,1.128481296225255,1011,0.36323985
person,某人,1.087819304920933,404,0.40830737
duckling,懵,1.0921406084343754,325,0.40361282
nation,宰制,1.137344437724141,307,0.35321233
pattern,特徵,1.1023834027129804,404,0.39239183
volleyball,排球,0.9928648405994559,88,0.5070981
author,作者,0.9636736570248802,51,0.535674
stupid,蠢,0.979283420753948,782,0.5205217
frequency,频率,1.055853855763294,618,0.44255728
disease,疾病,0.9571505344339739,559,0.5419399
apply,附合,1.093162107710977,969,0.40251502
dirty,屁,1.07649000422212,466,0.42060432
appetite,食欲,1.051573408116473,607,0.44711527
netdisc
bed,床上,0.9494906236379589,16,0.54925114
mango,椰,1.0077715955056856,135,0.4922024
trip,旅行,0.948666625461904,24,0.55000347
coffee,咖啡,0.944267378651728,46,0.55417925
ancestor,祖先,0.8565119577272251,12,0.63319
go,吧,1.0466548620150453,87,0.4522696
his,他的,1.0085827693479603,22,0.49139157
magic,魔法,0.9901744804837217,64,0.50974816
current,原本,1.0871410374923587,28,0.40906578
letter,信函,1.0459849448034462,52,0.45299092
steal,偷走,0.9744902842088211,129,0.525178
topic,琉竜,1.0517824357995371,783,0.4469018
scope,涵,1.1162443871854166,109,0.37701756
threshold,越高,1.087968953355459,190,0.4081385
component,整合,1.0681466603120637,324,0.42954114
typhoon,台风,1.0337250939881728,113,0.46571332
reply,回覆,0.929759579092491,64,0.5677861
large,大型,1.0371003481304377,68,0.4622399
prize,奬,1.0591315408303803,65,0.43909657
chicken,兔肉,0.9923388755895609,346,0.5076544
sunshine,幸福,1.0944507961364216,99,0.40108705
article,yamaguchi先生,1.048404236870506,927,0.45040652
animal,家畜,1.0151145528449905,111,0.48475808
motor,汽,1.128080914169927,840,0.36372545
fruit,水果,1.0304591395239553,583,0.46908236
span,跨度,1.0157834108116346,15,0.4840823
hand,左手,0.9874470037982314,24,0.5124578
grid,弧,1.1437416088755636,643,0.34589288
personal,本人,1.1137165759199805,305,0.37980598
theme,主题,1.1315942929613625,1154,0.3597074
efficiency,效率,0.9126502707453142,31,0.58350736
unbelievable,令人,1.0470861703164642,1103,0.45178816
animation,动画,1.0355579361671288,139,0.46378368
cartoon,卡通,1.0226580333922137,236,0.4770771
koala,袋鼠,1.074637365014075,190,0.42253813
illustration,插图,1.1122583588917978,293,0.38142043
potential,藉此,1.066720088870373,319,0.43101868
spectrum,泛,1.1018938780152248,191,0.39292455
voice,声,1.077478453402697,185,0.41953257
innovation,科技,1.0734244128264736,580,0.42388514
nest,巢,0.9439050033583898,32,0.5545403
content,竜龙,1.008380803281229,162,0.491589
wolf,狼,0.981888889084308,10,0.51792395
broadcast,播出,0.9371331405094656,77,0.5608968
sex,性交,0.9742716294836925,96,0.52541846
fast,慢,0.9672440363056541,10,0.53223324
leaves,蔓,1.1083062071535745,728,0.38581714
duck,鸭,1.0553414640219556,89,0.44314244
rent,房租,0.9394750724275196,21,0.55870557
arrogant,傲慢,1.028792425691906,1509,0.47076574
feeling,感到,0.9908779261089894,503,0.5090702
story,故事,0.9367192084407019,20,0.5612966
mainlander
number,十位,1.0399087339672803,29,0.4592932
concert,巡演,1.0304879353278125,278,0.4690348
area,附近,1.0588868861221086,146,0.43941516
tea,茶,0.9240166246706671,5,0.57310104
configuration,配置,1.0587544125888468,844,0.4395122
organize,邀集,1.140654211652485,738,0.34944886
outside,以外,1.0348333408791648,9,0.46453503
lobster,螃蟹,0.969664067439648,88,0.52988267
cinema,影片,1.1205420595890896,498,0.3721893
doubt,相信,1.0327485800250782,1330,0.4667097
cooperation,合作,0.9735867372587887,49,0.5260921
follow,依循,1.0029881130687641,18,0.49703148
foot,腿,1.0477922477082517,44,0.4510465
outsider,外人,1.1141272916015854,695,0.37940928
programme,台,1.171154914070245,1285,0.31421056
mechanical,工效,1.1001122162455264,1045,0.39482734
side,靠,1.0597540836932322,19,0.43847
industry,业,1.0850488003413201,320,0.41133285
piece,多段,1.0711721154035805,131,0.42629555
design,设计,1.0085586678216683,56,0.49138692
electricity,能源,1.0940038177873923,555,0.4015356
result,主因,1.1113340813274508,103,0.38247243
teaching,教育,1.074674987116938,552,0.4225171
elder,外甥,1.048376547455509,89,0.45046788
price,价格,1.0559026111647596,205,0.44253075
film,影片,0.9236725095271546,65,0.5734404
suspense,悚,1.0393976312467936,334,0.45980507
mentality,狂妄,1.0971161599458101,3439,0.39814964
campus,校园,1.1055559966173745,399,0.3889008
wire,箔,1.0390526691428297,222,0.46016887
course,哩,1.0998661409463488,61,0.39510262
public,公共,1.016660787819691,11,0.48318925
practicality,注重,1.0941911001263496,2130,0.40136883
central,中央,1.0161149133854934,7,0.4837512
playground,休憩,1.0691939642342951,233,0.42837727
mountain,山,0.9416854580465491,26,0.5566192
double,勾,1.0821398099644968,25,0.414482
level,高低,1.0224308317645499,6,0.47732285
origin,起源,0.962106184504205,11,0.53717285
west,西,1.006459214840308,42,0.49350548
economy,衰退,1.1201869583599458,959,0.3726048
cv,郁,1.1488015306976556,178,0.34009242
advantage,靠著,1.057230378264567,138,0.44115368
society,学会,1.1180077772934782,275,0.37504992
song,歌曲,0.9283789503129362,56,0.56908786
jiangnan,江南,1.0059058764279305,747,0.49405408
revolution,革命,0.9177062901564708,10,0.57891583
chorus,合唱,1.0218350325978298,319,0.47792283
choose,若是,1.0910751719656544,354,0.40476933
minority,族裔,1.0685570486722262,142,0.42908895
team,赛,1.107668984452266,867,0.38654968
intelligent,智慧,1.0755326568066603,753,0.42160022
crowd,球迷,1.026363863376063,111,0.47329727
east,西部,1.03003195035912,57,0.4695054
quality,低劣,1.0277143348839237,16,0.4719085
coming,去到,1.0527557762715345,70,0.445775
infrared,红外,1.0896063440019925,1565,0.40636525
aisle,露台,1.1221395615679535,1147,0.37038207
coding,冗,1.1416315903928715,4088,0.3483424
fluorescence,磷光,1.132571793466012,6466,0.35859063
channel,台,1.0767482891837958,291,0.42034262
year,一年,0.9779336035013124,8,0.5218784
foreign,外交,1.059610209645443,50,0.43858424
clothing,衣物,0.9292948022735855,94,0.5681851
blog,文章,1.0991870420923282,645,0.3958898
meal,正餐,0.9742445075292232,164,0.52542514
energy,能源,0.9540584383169711,21,0.5448675
pleasure,欲望,1.0756501733999004,333,0.42145374
benefit,更好,1.0733379258973021,280,0.42399275
souvenir,珍藏,1.1103362772874623,491,0.3836059
evaluate,瞭解,1.0927002578893314,1067,0.40298328
we,不然,1.0254045778897867,806,0.4743054
effective,有效,1.0443089476328833,123,0.4547067
programming,程式,1.1453869490080169,1129,0.34402767
data,数据,1.0571682599696346,193,0.4412289
cloud,云,1.0189406809443595,7,0.48087502
independence,独立,1.0942571317542884,346,0.4012844
member,成员,1.0626817663461121,58,0.4353146
aurora,曙光,1.146595138439733,796,0.3427215
gap,跨越,1.0943919000846194,17,0.40115082
lifetime,一生,0.9911917756002842,7,0.5087922
postgraduate,深造,1.0793968730462098,718,0.41745472
star,星,0.9475430052369338,4,0.55107915
harm,危害,1.0739010247666216,955,0.4234039
develop,推展,1.0487170350781174,161,0.45009506
smash,碰,1.0830782620465464,379,0.41346976
better,更好,0.952609597580924,26,0.54628676
ikea,六福,1.1651331114789454,1515,0.32123038
irritable,易怒,1.0882602834844146,2977,0.40786913
guardian,丸,1.1846108732347491,2370,0.29836822
practise,懂得,1.140947781246717,778,0.34911507
proverb,俚俗,1.0755735972352631,351,0.42156017
rest,全部,1.0508883608059845,34,0.44779086
boss,老大,1.0411479747577541,148,0.4580064
educate,瞭解,1.1433142096434439,1519,0.34640583
thinking,思考,1.014460125897495,529,0.4854336
tutor,舅父,1.1041436009191885,472,0.390432
achievement,成就,0.9648371830118461,17,0.5345552
akin,如同,1.1023251375668324,254,0.392471
accumulation,孳生,1.0750283536824956,1623,0.42214456
colourful,多彩,1.1082484428968473,1064,0.3859003
widow,妻子,0.9564165158976372,91,0.54262793
rational,理性,1.0102654373626698,629,0.48965833
collect,收集,0.9688250749127663,8,0.53069097
labor,劳动,1.137449767036299,689,0.3530629
holiday,假期,0.915794729439346,11,0.5806884
marvel,侠,1.1253185688335663,1795,0.36687824
photo,照片,0.8798544377779703,12,0.612934
statement,表示,1.0266407866718377,514,0.47302392
professor,教授,0.8950686817092194,31,0.5994123
hulk,超人,1.1539014744338283,2195,0.3340981
cheap,便宜,0.9716479915594909,15,0.52794886
knowledge,瞭解,1.0177982546502293,153,0.48206207
raccoon,狗熊,1.0507567928124846,235,0.44796687
fraction,十倍,1.0562335389811293,202,0.44220808
chance,希望,1.0202917717624407,32,0.47949937
sub-han
giant,巨型,1.0006130411977148,10,0.49941796
small,小型,0.9893650200638416,14,0.5105663
doctrine,要旨,1.1400453700072228,2603,0.35017028
ticket,收票,0.9852062356275115,10,0.51468766
shadow,影子,0.9393618022804344,2,0.5587818
custom,定制,1.0680404781687853,87,0.4296675
communicate,瞭解,1.0917218250266307,689,0.4040778
accumulate,孳生,1.0865991981150247,697,0.40964538
psychology,心理,1.0201810517962258,471,0.47962153
style,揉合,1.138601417721378,524,0.35178927
collective,群聚,1.1449193618042701,611,0.34458852
consent,同意,1.0447366831187235,194,0.454273
standard,标准,1.0171904274378398,32,0.48268047
decide,只好,1.098938831667819,1025,0.39618376
creativity,想像力,1.0904714712866956,1471,0.40546477
treat,患,1.0931076154648272,701,0.40256587
specialty,各式,1.1036000460233684,388,0.39100486
point,角,1.0460876193881898,11,0.45283395
difference,差等,1.0155395973967165,78,0.48433796
shop,店,0.9621888130938139,70,0.53707534
uniforms,制服,0.9960680960071998,115,0.5039595
weird,怪怪,1.0614352730197847,780,0.436698
require,不需,0.9837297298516542,80,0.5161507
pair,两,1.070235003006373,47,0.42729887
coordination,配合,1.1353987014715374,757,0.355421
ugly,怪怪,1.057440926439218,713,0.44089833
healing,治愈,1.0969989796566515,825,0.39828396
challenge,挑战,1.0896915953917836,93,0.40628695
hearing,听,1.084901291610464,287,0.41148564
seminar,研修,1.0731693422765172,263,0.42417008
report,指出,1.1426433450132343,136,0.34717712
genken
publicity,炒作,1.0980819358039584,350,0.397114
semester,期末,1.0456253419823565,147,0.45335665
craft,船,1.1106053302497552,372,0.38325036
equipment,器材,0.967468449600774,42,0.5319683
trouble,怕,1.0143734917763938,260,0.485548
touch,感,1.0050479505742862,24,0.49494052
workload,繁重,1.0511519013162967,123,0.44756305
brain,骨髓,1.0688517529438093,1464,0.42878067
tennis,排球,1.0050648619297153,92,0.49491504
opinion,看法,1.015805217018626,419,0.4840707
mandarin,粤,1.0283462557801195,63,0.47122908
jewelry,首饰,1.0837094271724492,634,0.41282213
art,雕塑,1.0705280704776172,439,0.4269718
science,科学,1.085697839411966,391,0.4106362
adult,成人,1.0211565516813097,20,0.47862157
uniform,制服,1.0381278802111003,65,0.46113238
english,法文,1.0377180921784916,30,0.46160448
iq,智商,1.0196717205711603,11,0.48012725
rumor,流言,1.0568147647411104,240,0.44155863
classroom,教室,0.9985413535720783,61,0.50145394
consciousness,心智,1.0800583395557124,1382,0.41676036
postpone,如期,1.0244223106433643,142,0.47530848
assist,协助,1.0961033965766127,50,0.39927673
post,今早,1.1219776764919862,57,0.3706142
last,直到,1.0535259695245862,23,0.44505873
rebellion,反抗,1.01320297404815,100,0.48672408
wait,等待,0.9856230343675673,72,0.5142746
learned,精通,1.0902586307895297,380,0.40564293
kindergarten,初中,1.0345522737501995,105,0.46485302
sample,抽取,1.0621097447248902,23,0.43599197
manner,手法,1.0849313279721555,1440,0.411462
masculinity,人性,1.0982365208751905,1789,0.39696607
lunch,午餐,0.9649571496377298,16,0.5344389
picture,相片,0.9846012620364051,40,0.5152668
female,女性,0.9877404534334183,5,0.5121968
taste,味道,0.8612009334017465,16,0.6291398
mainstream,主流,0.9508503458250355,5,0.547928
spirit,邪念,1.0297801913026428,56,0.469775
impression,印象,1.061895670240335,530,0.43617862
done,做,1.0683003284735195,714,0.42936388
example,例如,0.9598664766572189,20,0.53932786
money,拒付,1.0191892025790672,253,0.48061293
record,刷新,1.078779991604233,39,0.41810125
determination,抱定,1.0833674806364761,656,0.41314247
incident,事件,0.9172993059842885,5,0.579287
speed,速度,0.9441017793966218,16,0.55433893
blood,血,0.9233135041231347,21,0.5737489
urban,都市,1.0819024594023519,55,0.4146897
experiment,实验,1.1029455847148741,509,0.39177573
plan,打算,1.0271114070286467,22,0.47254148
intercept,迫近,1.0812211929096112,413,0.4154382
territory,疆土,1.0827610499512126,151,0.41384798
meat,肉,0.9628545145303866,207,0.53648514
strength,力量,1.0068817174217846,52,0.4931132
said,指出,1.062087664384909,685,0.43596753
tradition,甚早,1.1282925700202977,1744,0.36351588
beside,旁,1.051106816759704,48,0.44758886
focus,聚焦,1.1254577266877681,114,0.366679
dinner,聚餐,0.9691435996393118,57,0.53038347
arm,手臂,1.031970399316848,21,0.46751922
guide,指南,0.9645684822279621,7,0.53479964
acting,提拔,1.0803285058190994,22,0.41643122
former,名前,1.105554292043682,53,0.38884786
church,教堂,0.9878308352728503,282,0.5120904
football,足球,0.9847108816581452,65,0.5151786
nutrient,碳源,1.1085097828758108,3908,0.38560513
diving,水肺,1.0599402337224206,107,0.43826714
insurance,健保,1.1141698815356547,909,0.37929875
flexibility,需求,1.072586313685126,1203,0.4247824
burden,负担,1.1059735773924162,316,0.38836917
affection,感情,0.9805801342048373,485,0.5192374
spoke,流利,1.1668250912496176,1302,0.31923574
schedule,日程,1.0872780157955264,67,0.4089258
basketball,足球,1.074289299084021,448,0.42295086
champion,赛,1.1660588140128016,2436,0.3202024
documentary,片,1.075951038701672,233,0.4211585
inspect,稽查,1.1327266442425656,663,0.35846788
learn,瞭解,0.9939409498475935,82,0.50603366
disabled,障,1.09689303092389,75,0.39842436
dormitory,宿舍,0.9403583824367219,29,0.5578537
behind,另一,1.1084530061035403,171,0.3856752
party,党,1.0485604156363346,213,0.4502616
sprint,越野,1.176754369592572,2233,0.30760255
students,在校,1.0581410093822212,276,0.4401947
supervise,督促,1.0899901857581982,321,0.40594685
rigid,僵化,1.125328884669159,2243,0.3667796
build,建造,0.9914859063994516,33,0.5084856
stomach,胃,1.0073310344814228,568,0.49265736
aspiration,心臓,1.1390457140703563,1967,0.3513028
diverterway
skill,技巧,0.9797195212848457,105,0.52004975
law,法律,0.9569220238193572,20,0.5421473
homework,考完,1.0843512770407255,698,0.4120984
aerobic,有氧,1.0622270131998508,813,0.43582073
future,希望,1.0360308014656354,31,0.46330425
train,趟,1.0551497017243716,251,0.44333854
building,建物,1.0257204153181958,348,0.47394842
protocol,呼叫,1.1594347186621814,1976,0.32782683
comminicate
physics,物理,0.959708786148002,162,0.5394598
nationality,裔,1.0695890175991847,69,0.427984
variety,各式,1.0193363327087657,39,0.4805242
on-line
luggage,行李,1.0132968198103864,132,0.48660856
income,收入,1.058129260659234,221,0.4401847
uhhhhhhhhhhhhhhhhhhh
volunteer,志工,1.0752978689470585,102,0.42185247
easiest,容易,1.0715522048629207,182,0.425891
medium,媒介,1.0933826876353698,11,0.40229473
muscle,肌肉,0.9799353120565728,431,0.5198257
rural,农村,1.156523338686646,1226,0.3312522
nourish,造福,1.0836468165884576,416,0.41283527
airplane,飞机,1.064692303014396,492,0.4332443
education,教育,0.9370709845337796,47,0.56095695
space,空间,1.0048348159211005,42,0.49520364
use,使用,0.9141249923565562,6,0.5821912
profession,投身,1.1198589610026233,740,0.37291843
history,历史,1.0304559302969152,13,0.46904778
nationwide,全港,1.071481372883085,31,0.42598817
piano,演奏,1.0600148548281787,977,0.43821877
unwilling,不肯,1.0701632432898909,1574,0.4273596
goddess,女神,0.9936404249450792,172,0.50634426
circle,半圈,1.0749616879631305,35,0.42224258
flight,降落,0.9832893505260825,116,0.51659423
hypothesis,假说,1.074728698053352,754,0.4225379
champagne,酒,1.0564119374729701,344,0.44200242
high,低,0.9906831740285776,7,0.5092714
basket,炒,1.1166967981254718,137,0.37653166
leg,腿,0.9927514104431973,48,0.5072363
halfway,穿越,1.063509346167741,108,0.43447882
mechanism,机制,1.1010986002135281,2662,0.39378142
headquarters,总部,1.0859196802048579,130,0.41041768
value,值,1.0188455466889506,23,0.48091668
site,址,1.0653456884198853,30,0.43255126
consign
baseball,棒球,0.9623507939238781,100,0.53694
difficulty,容易,1.1128675918165123,991,0.38076702
erv,福林,1.200150908729495,1472,0.27982432
slight,稍稍,1.00646933380259,42,0.49351162
salary,薪金,0.9251739392816726,32,0.57201177
sideline,盯人,1.118318491863885,783,0.3747399
affinity,同系,1.1156835853385911,1395,0.37761104
field,打,1.0987841736125465,42,0.39633214
answer,回答,0.9593746441344441,66,0.5397952
ball,球,0.9893322873215109,32,0.51060426
instrument,笛子,1.124978970371481,743,0.3671827
bias,偏袒,1.0802213052733802,1421,0.41659734
rule,定明,1.1584386355274248,462,0.32903713
toshiya,幸三,1.0076954535552767,1963,0.492283
metabolism,睪酮,1.1147936465261303,4586,0.37866735
pursue,投身,1.1191728406747155,402,0.37365595
fingerprint,指纹,1.0387796626705728,70,0.46044195
ok,啊,1.0880973184208824,599,0.4080709
distance,距离,1.001696188817059,20,0.49829462
performance,表演,1.050137395789735,49,0.44858766
competition,赛,1.1482301110214654,658,0.3408238
profit,盈利,1.0614169016642052,121,0.43667132
empire,帝国,1.0047632864987948,47,0.49522907
unit,廉,1.132376191279663,239,0.358829
attractiveness,吸引力,1.0462343206663238,585,0.45272005
hacker,破解,1.1609728027524782,1766,0.326085
chopping,砍,0.9878567054375404,106,0.5121021
feature,片,1.0405786384274818,16,0.45861122
yoga,瑜珈,0.9663418076783353,125,0.5331043
durability,耐久性,1.0520433701822158,477,0.44661072
attach,附在,1.0657799281568578,257,0.43207917
exercise,作息,1.125381636230426,482,0.36673188
front,前方,1.0406696986968331,38,0.45849437
mark,釆,1.1236651364097718,165,0.368633
phenomenon,成因,1.1195273327445252,1956,0.3733172
calories,卡路里,1.0481986070251832,433,0.45064723
transmission,激磁,1.137968729469066,1172,0.35249227
shortsighted
computer,电脑,1.0521626133136397,489,0.446492
theory,概念,1.054686693410921,1117,0.4438032
gymnastics,排球,1.0877576811045686,354,0.40838182
shot,射中,1.0878655768435703,224,0.40826356
athlete,柔道,1.0969553670320422,298,0.3983543
ecological,自然,1.0974978563946876,892,0.39776245
clean,洗,1.0635683414906052,62,0.4344098
overall,持平,1.09621026357404,68,0.39914566
chat,聊天,0.993212567307073,11,0.5067804
sharp,尖,1.0599541112916986,36,0.43828416
background,背景,1.078260306881105,193,0.41870344
password,登入,1.0858091778076273,879,0.41051215
density,密度,1.08134613061644,398,0.41535655
pole,杆,1.1014376851452838,140,0.3934359
inspirational,感人,1.1247887191885144,2421,0.367422
disadvantage,受制,1.0768064211433443,756,0.42027122
dribble,射球,1.0567396593817664,181,0.44167343
health,健康,0.9456182858348477,61,0.5529258
handle,方便,1.1040331598541324,476,0.39058164
academia,梵,1.1932588030096791,3600,0.28803337
operate,租用,1.116460644989969,537,0.37680537
algorithm,演算法,1.073519401746639,1608,0.42375997
end,结束,1.0456461724295807,25,0.45331055
range,介於,1.105595508916158,83,0.38884297
you,你,0.958524491717152,400,0.5406406
player,玩家,1.097207551855542,210,0.39802328
attention,注目,1.0850158821935418,142,0.41138017
stimulate,刺激,0.9830153953112457,87,0.51683456
characteristic,特徵,0.9819535294280917,95,0.5179213
posture,姿势,1.1013592800171652,621,0.39349782
true,真正,1.0315855009159427,85,0.46791184
notebook,手提,1.0612172903052306,80,0.43692666
longing,思念,0.998275316101155,412,0.5017287
purpose,用途,0.9983048126127765,15,0.501705
robot,超人,1.1307372480110636,839,0.36052608
fat,肉,1.0063567681743972,14,0.49362856
noodle,糕,1.009604258846717,300,0.49034134
doubtfulness
heavy,沈重,1.0605800608020162,54,0.43756083
hydrogen,氘,1.026784164158283,1772,0.4728289
image,照片,1.0571498466038802,135,0.44124007
gimmick,扮,1.1260689476382229,2628,0.36602396
encounter,遇上,0.9450436809210252,11,0.5534654
room,浴室,0.9579089603011273,85,0.54122406
memory,记忆,1.0907391735220078,197,0.40515363
earth,地球,0.8682722143479187,10,0.6230289
instruction,指令,1.0595905105128631,128,0.43861267
treatment,病患,1.0289966714715761,447,0.47054723
simulation,模拟,1.0748188552205291,714,0.42234245
seabed,海床,0.9900555562772709,118,0.50990033
诶呦
humanity,生命,1.0723377799172231,716,0.42499885
stranger,陌生,1.0584609772370792,594,0.43982348
be,若果,1.070797690615865,323,0.4267487
accuracy,精度,1.0439613009169386,231,0.4551153
punish,唆使,1.0461361902091701,1132,0.4528171
things,呢,1.055645295582101,1887,0.4427972
voyage,航行,1.0342318531383878,127,0.4652208
still,仍然,0.9527107147552414,27,0.54621005
revise,修改,1.0242746990557896,130,0.47540742
heaven,天堂,1.0325535690375174,190,0.46692377
brand,品牌,0.8619825878731187,5,0.628485
planet,星球,0.8795506673599875,22,0.61317563
mode,模式,1.0549537855392126,76,0.44356123
sticker,印有,1.0189263951752596,53,0.48086742
suspicion,嫌疑,1.03737341536274,429,0.46191496
review,评,1.1047666359164183,222,0.38970575
age,岁,1.070955311617109,24,0.42654186
facial,面部,0.9844298242713818,216,0.51545674
surgery,外科,1.0464737510226152,877,0.45246124
just,就算,0.9744706259124724,230,0.525196
dialogue,主旨,1.097790501775614,655,0.3974722
similar,相近,0.9305512832851038,36,0.5670229
neuropathy,病徵,1.116521579486563,4219,0.37669027
mother,妻子,0.9445243192995534,130,0.5539286
demon,妖,0.9978310115363791,185,0.5021946
country,本土,1.1091930419524911,48,0.38481048
sound,音效,1.0231865367313253,81,0.47657433
encapsulate,包含,1.1350530314402563,2091,0.35583168
travel,旅行,0.9430935915137255,14,0.5553085
whatever,琉竜,1.00767843333594,969,0.4922723
signal,信号,1.0541022812767047,258,0.44440693
developer,开发,1.1092324831648357,484,0.38484824
speaking,流利,1.0377660721439659,56,0.46147618
district,市,1.0855548948250164,278,0.4107694
wheelchair,轮椅,1.0497903401250908,62,0.44893426
analyze,分析,0.9973949557590307,152,0.5025862
tube,管,1.0573333129600315,352,0.44097728
always,即使,1.0122909910271622,385,0.4876357
rubbish,垃圾,1.017659713908857,216,0.48221672
label,唱片,1.136069899907871,443,0.35463125
null,无效,1.166704913526178,2457,0.3193812
mood,心情,1.039943376416942,307,0.45927227
as,亦,1.0890134775626632,64,0.40702742
really,真的,0.9641929763157066,898,0.5351779
temperature,溼度,1.0705523343399552,1215,0.4269558
general,督,1.096464712814704,45,0.39888018
cargo,航,1.0544018874025811,386,0.44410783
speaker,揆,1.1679233937198,820,0.3180099
before,之前,0.9750860266243142,25,0.52461433
function,功能,1.1059879471892826,1226,0.38835967
press,媒,1.1453457181675142,357,0.344118
product,産品,1.0592886560761292,151,0.43894675
male,男性,1.017357162393114,11,0.4824773
sexual,性交,1.0263190090882481,395,0.47334266
fusion,融合,0.9962268126862789,7,0.503781
consume,吃,1.0743369587100793,556,0.4229066
first,第一,0.9080789705226747,6,0.5876822
association,协会,1.118826484502095,117,0.37411737
badminton,桌球,1.0380392244351586,145,0.4612644
perhaps,何止,1.147132583417048,1356,0.3420456
six,七,0.9324120646462823,34,0.5652932
contradiction,矛盾,1.0522825607455621,1888,0.44632918
odds,差,1.1515909526378882,1103,0.33696657
immigration,移民,0.9344083342525997,20,0.56344116
hormone,激素,1.0501229796520555,2453,0.4486281
lung,肺,0.9562935143223199,125,0.54272604
accounting,稽核,1.1209820932757475,1006,0.37172198
forehead,腋下,1.024348861740532,415,0.47535214
navigation,导航,1.1013674578310408,133,0.39350152
personnel,空勤,1.0960590766496607,325,0.3992993
client,程式,1.115155225545671,841,0.37815502
goals,奴,1.1839073914944236,2628,0.29916486
amount,扣除,1.0099912579082528,68,0.48997056
brazilian,巴西,1.0640673785831305,961,0.43391708
hmmhhhh
monitor,告警,1.1414168812643628,171,0.34861314
possibility,可能性,0.9727791179055923,76,0.5268399
action,匪,1.0919470442933312,12,0.40378994
thin,厚薄,0.959429731315249,82,0.539743
factor,因子,1.0410310288815268,30,0.45812616
occasion,周年,1.1125590757746706,744,0.38110635
shoe,鞋,0.9843103301846335,37,0.5155836
woman,女人,0.9954897745463495,71,0.5044978
tactics,策略,1.079555074616757,340,0.4173054
migrant,移民,1.0312246574272608,57,0.46826336
map,地图,1.098986202335515,143,0.39614964
foundation,基金,1.043254126062868,51,0.4557851
consider,是否,1.0594755206160567,980,0.43875676
german,德文,1.0003758805160603,203,0.4995749
camera,底片,1.0708503263760518,482,0.4266726
hometown,老家,1.0672784653758633,54,0.43044344
authority,原由,1.1382723340666472,577,0.35221604
feedback,反馈,1.0832825433094344,456,0.41325402
microphone,收音,1.050096942021114,450,0.44862467
version,版本,0.910753429157509,3,0.5852714
media,媒,1.08034656502354,36,0.4164052
live,唱,1.1216567696846604,145,0.37084374
within,之下,1.1041403772409077,98,0.39042443
clip,片段,1.0096574051877718,46,0.49025872
personality,性格,0.9918807687658948,40,0.50809574
horse,一匹,1.0210998955367712,144,0.4786683
privacy,隐私,1.0756073417524057,277,0.42154104
bud,芒刺,1.1022167735314607,180,0.39260486
eat,吃,0.9131281540084379,14,0.5830938
white,白,0.986395302938717,22,0.51348394
control,控制,0.858619809591969,4,0.6313837
strengthen,加强,1.0941065313821254,594,0.40148678
worry,怕,1.0399131980950755,834,0.45931885
confuse,混淆,1.0388511905163564,405,0.46044
pingpong
brothers,兄弟,0.9925114809637746,26,0.507443
phrase,句,1.0354442395464805,424,0.46392825
store,商店,0.9765937237172801,70,0.52314305
lane,路,1.0749827131771466,600,0.42224014
everyone,大家,1.0388422280617444,1277,0.46039218
key,重要,1.0483085875829408,18,0.45052755
conclusion,就此,1.0838839732048662,460,0.41263133
left,左,1.0726708299762888,18,0.42470992
flat,平坦,1.0795770835652894,109,0.41726625
cliff,崖,0.9987082951884398,19,0.5012706
danger,危及,1.0028621056899159,111,0.49713826
emotion,情感,0.9530736180802369,225,0.54579806
manager,接手,1.1228145027862513,338,0.36961058
secondary,高中,1.1689634737009005,376,0.31677377
flow,流向,0.9653419265886265,45,0.5340735
poster,封面,1.1038642270961554,179,0.3907158
comfort,感,1.0644933345099603,128,0.43345302
era,末期,1.0340159405252227,18,0.46542063
position,位置,1.0314279288093395,12,0.46809816
out,怕,1.1249936109696,388,0.3672366
lead,替,1.1332304215581686,72,0.3578876
form,形式,1.0303319217302938,17,0.46922603
battery,炮,1.0813727997647886,235,0.41533756
safety,安全,0.9886957210818512,13,0.51123536
highway,公路,0.9688730490600815,94,0.53063726
serve,提供,1.1279672653656443,119,0.36382705
responsibility,推卸,1.150326518406775,1828,0.3384714
cancer,癌症,0.9099632577519995,121,0.5859872
difficult,容易,0.9938921306950773,129,0.5060615
driver,追撞,1.0896712725048405,530,0.40630126
training,教官,1.0617167395523497,203,0.43640998
ambition,野心,0.9928172713496366,125,0.50715846
regulations,法例,1.041649682219818,188,0.45751247
realize,知道,1.046286282367748,1305,0.4526738
means,意思,1.0131106794340259,44,0.4868245
tick,恙,1.0941333107798963,76,0.40144637
morality,道德,0.9334302116046383,277,0.56437457
predict,推算,1.0865855037912524,1028,0.4096776
desire,渴望,1.0017514266971754,297,0.49825436
probability,概率,0.9986259070128369,690,0.50139356
wisdom,智慧,1.0093679328689729,168,0.49058485
exterior,外廓,1.1068261206848549,1210,0.38745892
wechat,非走不可,0.9828350130174054,2179,0.51699495
divide,跨越,1.0496280764893762,32,0.4491641
dispute,挑起,1.1528102920095185,2520,0.33551532
heart,心,0.9961436955032172,25,0.31428742
defect,缺陷,1.0830124095676799,496,0.41352528
winner,角逐,1.0895557061897772,222,0.40644014
trial,宣判,1.0027864362274614,81,0.49720994
whereabouts,得知,1.024898459862923,218,0.4747869
entity,实体,1.0834136789845352,67,0.41314307
civilization,文明,0.9503380505645236,27,0.5484238
turn,把,1.032034743456813,14,0.4674503
premise,前提,1.0869257746798036,1590,0.40931386
cost,成本,0.9543514483482944,50,0.54459155
universe,宇宙,0.9650924275916,17,0.53431654
pad,垫上,1.0855748808633185,125,0.41077948
ending,止,1.126378547160021,247,0.36559147
core,核心,0.8811479496847031,2,0.61178863
can,可以,0.9978810588213619,96,0.502128
galileo,伽利略,1.1261863933531053,605,0.36583805
shackles,枷锁,1.0408480404628182,128,0.4583448
disgusting,令人,1.0852784703691642,3170,0.41106558
casualties,伤亡,1.0328649148004545,295,0.46659487
leave,留在,0.9923504038838724,52,0.5075958
consumption,消耗,1.0947647669171174,957,0.4007431
respectively,位,1.0382832574552026,21,0.46097174
slope,斜坡,0.9991426565188046,50,0.5008563
tired,累了,1.0767954975911211,1745,0.42027926
track,滑,1.1217343981443957,262,0.3708569
philosopher,思想家,1.0655630492180124,719,0.43229392
colonial,殖民,0.9990917196603183,25,0.50093305
died,去世,0.9386715176600459,35,0.5594397
longer,仍,1.0982394278350944,162,0.3969249
none,未,1.1304170168183132,164,0.36105132
pot,炒,1.028482200701567,36,0.47113952
where,接著,1.0615975225958765,65,0.4365009
stand,坐,1.0624625484423154,13,0.4355476
toilet,洗澡,1.0002568148113469,130,0.49974546
beings,本性,1.0963585491801697,2276,0.3989725
lecture,教授,1.0721295578303927,138,0.4252399
courage,勇敢,1.0040819381414001,133,0.49592006
survive,存活,1.0312978380207614,35,0.46822643
ocean,大洋,0.987351525597819,62,0.51255983
sweat,流汗,0.9958886042992584,23,0.50408316
humanistic,道德,1.091569573453642,2151,0.40428048
floating,漂浮,1.0421549466423787,30,0.45694646
rail,通勤,1.1262394120520134,900,0.36580244
pond,池,1.0249813636639646,80,0.47472215
refrigerator,冰箱,0.9759666534781222,77,0.5237319
order,藉此,1.0756277295119379,39,0.42149174
mat,竹,1.0500868192871817,4,0.4487022
toy,玩具,0.907901949895395,8,0.58786917
bathroom,浴室,0.9364715751343744,84,0.56151164
organ,器官,1.1205132599365373,486,0.37220865
landscape,景物,1.1069555065261754,769,0.38736486
camp,囚犯,1.0775548093479672,91,0.4194502
length,长度,0.9747486473186527,14,0.5249161
balance,平衡,0.9041648296412483,12,0.5912365
soul,灵魂,1.0672635714842382,345,0.430458
net,网,1.162031248371619,310,0.32485786
sacrifice,赦罪,1.0739923638775086,306,0.42328465
larger,更大,0.9563281512775959,25,0.54270184
philosophy,思想,1.0547115618905922,1066,0.44376847
free,自由,1.0294855279125044,4,0.47001818
reservoir,蓄洪,1.0359472567141526,141,0.4634368
nature,自然,1.0447097579556839,40,0.45427364
roussean
self-discipline
clever,巧妙,1.045404821033804,1425,0.45350656
ecosphere
bank,分行,1.0275760633010784,83,0.47203195
realm,境界,1.1224286834016286,944,0.37011078
individual,各自,1.0785223604253786,111,0.41844437
calculus,微分,1.1386970905220355,2383,0.3516827
reaction,反应,1.09301297481225,1337,0.40267146
imagine,想像,1.0259463775889108,633,0.47370955
gesture,以示,1.0945686782194266,818,0.4009394
principle,原理,1.039768563514723,647,0.45945776
individualism,思想,1.0727380666367385,2847,0.42461753
new,新的,0.9725953343445278,5,0.52704394
return,返回,0.9244188249924258,5,0.572732
innate,感受性,1.107420633697647,3348,0.38680917
fitness,健身,0.9719031498796107,10,0.5276991
chemical,化学,1.0751405175551307,1381,0.422004
destroy,阻止,1.0425256753097896,596,0.45656615
associate,助理,1.0452166833607697,63,0.4537784
butt,屁股,1.0260666239034042,17,0.47357216
specification,基於,1.1146140280683468,2172,0.37879294
elevator,升降梯,1.1396225672592208,1550,0.35062873
mahjong,棋,1.1130649744296157,1475,0.3805341
dream,梦,1.0371479789511608,89,0.46216556
either,或是,0.946786756185079,65,0.55178154
motion,旋,1.1161129724306649,269,0.37711737
also,亦,0.9752943033081956,21,0.524381
ensure,以便,1.0695422809269013,331,0.42807406
technical,科技,1.1403649571728771,470,0.34974596
regulation,促,1.0954201362900982,691,0.4000221
agree,球球pk,1.0443796959933007,1899,0.45466274
complementary,多元,1.131511328684953,3311,0.35984713
swim,游泳,0.9783356350861842,13,0.5214495
weightlifting,柔道,1.0344702519991964,197,0.46496803
static,激磁,1.136207256125637,1393,0.35446233
natural,自然,0.9770423021787092,4,0.5226986
substance,成分,1.093875926131478,1475,0.40168318
coach,教练,1.148026253409574,1571,0.34099618
figure,像,1.1501235301042958,112,0.33859637
knee,膝,0.8912447853843255,42,0.6028219
explode,引爆,0.9646293550485411,89,0.53473824
religion,宗教,0.9234544069054382,88,0.57360816
long,短,1.0131647308505582,14,0.48675695
physiological,生理,1.0196380470051225,1668,0.48015597
joint,共同,1.0698802025588303,16,0.42772985
nausea,痠痛,1.0678219107469784,2283,0.42988634
celebrity,扮,1.095289743458395,581,0.40018624
identify,找出,1.097447572480642,433,0.3978161
tour,巡演,1.0886670038675732,186,0.4073708
government,政府,0.950228153461321,35,0.5485559
physicist,物理,1.0874519889686445,695,0.40867
precious,宝石,1.0872961611028376,273,0.40890568
watershed,上游,1.0242820103681578,227,0.4753913
genius,天才,1.0236236920630992,180,0.4760738
president,主席,1.056814463812668,147,0.44160953
foreigner,外人,0.993978126623398,5,0.5060402
mouth,口,1.02667169959373,65,0.472946
skeleton,骨骼,0.99575613159163,48,0.5042044
disturb,躲,1.0635223007438315,216,0.43444636
find,找到,0.936097758529549,24,0.5618846
structure,结构,1.0468765634236799,139,0.4520095
source,可靠,1.0836351819670396,182,0.41286755
sedent
stock,股票,1.0111202121823017,34,0.48883083
branch,分支,0.9869076444250172,2,0.51299846
motivation,用意,1.0360010497541619,793,0.4633399
aggressive,不善於,1.0665038195428842,919,0.43131357
grapeskin
descendant,始祖,0.9847351490094267,47,0.51515234
shenzhen,深圳,0.9840910858796219,351,0.5157913
like,不像,0.9536452123889098,37,0.5452729
offline,竜龙,1.070173746631632,508,0.42733064
exist,存在,0.9992046492316616,38,0.5008408
pass,跑,1.095529516913856,140,0.39992106
shared,分享,1.0234067810023448,4,0.4762622
dopamine,睪酮,1.1337818210853063,4926,0.35725236
squash,桌球,1.092288208932693,159,0.403483
week,星期,1.0038850130582604,21,0.49609876
enjoy,享受,0.9181398744888293,7,0.578491
birthplace,出生地,1.033396859814266,25,0.46603194
puppy,狗,1.0456440357296073,125,0.45327902
dice,骰子,0.9797186075785601,6,0.5200945
god,上帝,0.9268888617898621,101,0.57045674
proportion,比例,0.8913520828944846,13,0.6027549
prohibit,禁止,0.8874937808665297,48,0.6061817
oxygen,氧,0.9997245433738347,835,0.50026864
fragmentation,崩解,1.1434645735548297,1976,0.3462428
breaststroke,蛙泳,1.1038350405014485,531,0.39077488
grape,葡萄,1.0021825558471793,216,0.49784216
discriminate,排斥,1.1266768710313655,1961,0.36527795
happiness,幸福,0.9433257162696812,41,0.55506533
yeah,咦,1.0263645339107073,1074,0.4732949
incompatible,相容,1.0101679237595516,85,0.48979002
scientific,研究,1.1082723800021503,951,0.38590547
peripheral,感,1.1640187326182228,4506,0.32250062
museum,博物,1.0520447302987999,105,0.446611
eye,眼,0.9603419830205107,24,0.53890043
swamp,泥沼,1.1083562636853084,485,0.38575378
excited,感到,1.1357155596818078,1725,0.35507107
think,竜龙,1.0154953732769278,2348,0.48437068
frame,榫,1.0953256581680535,426,0.40012625
porn,色情,0.9650302819399776,41,0.53438616
reagent,肟,1.117643962183783,3524,0.37543327
southerner,迂腐,1.1605266407011623,2710,0.32661232
center,中心,0.9703885813042079,4,0.52919084
peak,峰,1.079682680842056,77,0.4171421
conflict,矛盾,1.0387873950071862,242,0.46044606
prospect,前景,1.1110085812288466,68,0.38286752
rebound,跌,1.0731862177003566,101,0.42414388
reported,指出,1.1405401024998774,146,0.34959295
definition,概念,1.1028203849470193,1285,0.39184305
race,事,1.1150619340261476,558,0.37833455
gym,健身,1.0195877196380192,48,0.48020577
gas,液化,1.0305831317466985,279,0.46893722
liberation,解放,1.0065404886298734,25,0.49345458
by,由,1.0537251169186548,4,0.44481683
fur,毛皮,0.9933511973529598,4,0.50667906
smell,嗅到,1.0224769921616608,159,0.4772409
dichotomy,截然,1.126295560103525,3500,0.36574554
dosage,服用,1.0950079294760802,2957,0.40047434
parachute,滑翔,1.1262345095022652,1121,0.36583698
recommend,yamaguchi先生,1.0876614265947895,1444,0.40848106
employment,雇主,1.0830154676357675,558,0.41353443
pilot,航,1.1189898958129345,775,0.37392998
village,村落,1.0622880038760425,154,0.4357838
pollutant,污染,1.037803772054685,521,0.46148703
clause,衡平,1.1252651825476236,818,0.36683553
war,战争,1.0385453594902099,110,0.4607227
expect,未必,1.0432875430697144,1237,0.4558125
emission,氘,1.1205876563053936,2490,0.3720979
texture,粗糙,1.0745596228637542,1040,0.42262957
tolerance,容忍,0.9816101155544346,24,0.51821756
propaganda,反共,1.0875397279260617,845,0.4086188
maturity,成熟,0.9688515253058535,13,0.53065366
pollute,污染,1.0156007055236123,74,0.48427773
senior,委任,1.1204089796497196,215,0.37234858
account,退,1.1498074923168702,1124,0.33898416
concentrate,精力,1.0685167705611105,53,0.42917287
unity,和平,1.0570502427149209,168,0.44130415
smart,智慧,1.0868255319696578,106,0.40941048
policy,政策,0.974896096133767,36,0.52477705
sisters,姐妹,0.9840613613699707,38,0.5158426
alright,噢,1.0537702993740374,1036,0.44477132
relative,相近,1.061849130674648,218,0.43620938
milk,牛奶,0.9243209590268355,73,0.5728186
strawberry,草莓,1.003793722025866,125,0.4961926
won't
bomb,引爆,0.9803576408030257,62,0.5194665
tintin,丁丁,1.1304408554033327,456,0.36099535
township,镇,1.139436270809758,1297,0.350825
teammate,队友,1.1036979564477485,1346,0.39090392
sell,出售,0.9869005097364364,56,0.51299787
bottom,下方,1.0041150793730598,7,0.4958643
house,屋,1.0476608253808217,58,0.4512097
funds,捐款,1.0321818154333708,282,0.46728808
previous,先前,0.9664019229859423,7,0.5330216
doctorate,教授,1.0083237436020858,169,0.49160627
wars?
carbon,碳,0.9662778566132811,222,0.53314614
vulnerability,脆弱,1.0996747299349598,821,0.39538595
worldwide,全球,0.9428050122982174,4,0.5555608
portrait,肖像,0.9935072400471368,114,0.5064777
split-screen
wrote,一篇,1.1017345247440224,946,0.393109
sea,海,0.9947206713533879,38,0.50529724
switch,搭配,1.103563344972051,664,0.39105162
sky,天空,0.9123881495316638,2,0.5837814
man,男人,1.0417189723782458,41,0.4573734
varied,不同,1.0960295974181702,642,0.3993362
location,所在,1.045022591125595,30,0.4539869
tail,腹,1.0323966574200267,281,0.46708924
literature,文学,1.093186379332813,772,0.40244135
mangosteen,柑,1.0270369939620785,574,0.47261554
fence,摔,1.090509185582404,339,0.40536204
hydropower,水力,1.0392498443579266,154,0.46001685
obesity,肥胖,1.014154646321545,725,0.4857512
bet,抹,1.0745768579269406,46,0.4226083
noon,晚上,0.9356757472081518,17,0.5622498
seaside,渡假,1.0549427447913289,145,0.44355857
feather,嘴,1.0471675705840953,78,0.4517086
pekingese
assistant,助理,0.9354067529996876,18,0.56253475
conference,出席,1.127008989632044,325,0.36496592
dji?
kickboard
impulse,激,1.0940449211283754,303,0.4015309
entertainment,娱乐,1.048189310167664,63,0.45064247
pack,拖,1.0884296468592256,81,0.407631
architecture,揉合,1.1487293899222002,853,0.34020263
analogy,比喻,1.078010207622798,1263,0.41894615
drinks,喝,0.9831970574485085,230,0.51667786
hot,冷,1.0865754938088639,127,0.40969753
schoolgirl,女生,1.0275868978244107,109,0.47200632
hero,英雄,0.905348983816372,4,0.59019464
island,岛,0.9866727141997828,36,0.5132084
outdoor,室外,1.0612380107655472,120,0.43687817
feasibility,可行性,0.9891842222978598,21,0.5107235
gate,亭,1.0764711235973556,81,0.42060688
indoor,室外,1.0683275401063475,78,0.4292896
deepest,最深,0.8817899896156722,4,0.6112266
schoolmate,好友,1.0204749126190387,184,0.47933552
duckling?
salty,腥味,1.0098072008429975,244,0.49016368
abdomen,腹部,1.036780493486964,1246,0.46256182
unreasonable,竜龙,1.0889531940628239,4372,0.40704697
yellow,橙色,0.9985577110575337,89,0.5014294
bold,粗,1.1008434219982328,43,0.39407516
worker,工人,0.9834567663931845,26,0.5164304
tide,潮水,1.0205903887238508,13,0.47917926
legend,传说,1.0760005214268826,40,0.4210944
expectation,期望,0.9634183473072135,40,0.5359338
bend,蹬,1.0937344857687759,140,0.4018451
illumination,照明,1.0134333307238725,146,0.4864843
pier,港,1.1088331451371543,615,0.38526484
dance,舞蹈,0.9050717684383657,21,0.5904269
treadmill,跑步,1.083685859620213,285,0.41281497
