chaos,混沌,1.0167701885106066,61,0.48308757
prepare,做好,1.038870782992977,61,0.4603961
practical,原理,1.1054841863630458,1405,0.38895154
stay,回到,0.995100302452508,29,0.5049057
foreword,合著,1.0463208751156594,260,0.4526379
socks,竜龙,1.1183490916872736,985,0.37463143
handle,方便,1.1040331598541324,476,0.3905816
url,网址,1.1519571896093146,1376,0.3365094
swim,游泳,0.9783356350861842,13,0.52144957
make,弄出,1.0624119755788142,177,0.43566766
choose,若是,1.0910751719656544,354,0.40476936
elegant,典雅,0.98343275956777,129,0.51648664
everything,真的,1.061967105715709,926,0.43611625
english,法文,1.0377180921784916,30,0.46160448
table,排好,1.0553742054543285,23,0.44309822
together,在一起,1.0627532797291388,28,0.4352637
flower,花,0.9415135113403487,62,0.5567842
bike,越野,1.0628747760831467,314,0.43511993
india,印度,0.9026795637862808,112,0.5926201
decide,只好,1.098938831667819,1025,0.3961838
pen,笔,1.083206361632075,32,0.4133322
slowly,慢慢,0.9148193637175971,18,0.58152455
man,男人,1.0417189723782458,41,0.45737344
connection,接通,1.1099444026135896,159,0.3840277
household,家庭,1.1661146525208022,418,0.32010147
ability,能力,0.9307909399642046,17,0.56682926
manner,手法,1.0849313279721555,1440,0.41146204
common,常用,1.0677252392457512,112,0.4299863
female,女性,0.9877404534334183,5,0.5121967
object,物件,1.0020423637832316,40,0.4979339
year,一年,0.9779336035013124,8,0.5218784
develop,推展,1.0487170350781174,161,0.45009506
level,高低,1.0224308317645499,6,0.47732282
distance,距离,1.001696188817059,20,0.49829462
spacious,宽敞,1.0698078909166882,742,0.42776066
community,社,1.1152368526937442,127,0.37810877
about,大概,1.0597684951260276,60,0.43849447
cv,郁,1.1488015306976556,178,0.3400924
silk,羊毛,1.0510991808707406,197,0.44759738
normal,正常,1.0023309337647581,6,0.49764225
some,有些,0.9247232720786117,20,0.57242167
entertainment,娱乐,1.048189310167664,63,0.45064247
semester,期末,1.0456253419823565,147,0.45335665
precious,宝石,1.0872961611028376,273,0.40890568
us,美国,1.1112922874212023,45,0.3824993
function,功能,1.1059879471892826,1226,0.38835967
two,两,0.9497197845059114,36,0.5490262
connect,接通,1.0256870953600312,58,0.47396263
value,值,1.0188455466889506,23,0.4809167
bathroom,浴室,0.9364715751343744,84,0.56151164
september,九月,0.9522545936415081,16,0.54661083
mistake,犯了,1.0736834822075954,1583,0.4235994
helper,使役,1.1149072465497853,40,0.37852463
join,加入,0.9915790611742886,28,0.5084266
trade,贸易,1.0666060376866986,90,0.43113697
information,信息,1.0387980455756745,93,0.46049735
pillow,掏,1.085755140952476,123,0.41057417
interest,瞭解,1.085635805388655,107,0.41072583
renew,告吹,1.0763277660537098,190,0.42077175
write,写,1.084981962109069,311,0.41143727
take,替,1.0680118243925922,124,0.4296646
no,未,1.1204671736225225,128,0.3722747
sex,性交,0.9742716294836925,96,0.52541846
exist,存在,0.9992046492316616,38,0.5008407
product,産品,1.0592886560761292,151,0.43894675
gratitude,感激,0.9989416642001263,216,0.5010812
business,生意,1.0932691154858443,497,0.40237853
keyboard,键盘,0.9948308477981604,137,0.5051798
visit,陪同,1.0079923158077473,51,0.49197203
shopping,商店,1.0975359656716657,413,0.39774942
these,很多,0.997069674713671,119,0.5029303
chemical,化学,1.0751405175551307,1381,0.42200398
success,成功,1.0347803773383697,76,0.4646198
set,於,1.0865439020700498,13,0.4097304
drop,跌,1.061297019521549,50,0.43682262
mileage,迄,1.1606747830594788,1357,0.32643798
world,世界,0.8506893764758684,1,0.638169
sheet,板,1.080931744027304,51,0.4157705
above,yamaguchi先生,1.1025877699376019,357,0.39215314
television,电视,1.0486239025655173,308,0.45018962
verify,yamaguchi先生,1.1026493676800875,1738,0.39207077
number,十位,1.0399087339672803,29,0.45929316
furniture,家具,0.947899380535944,106,0.5507538
great,大,1.1132896869495792,93,0.38026693
newcomer,新人,1.1007035338943627,83,0.39422756
never,未曾,1.0103316389769128,121,0.48964718
bill,法案,1.0681855623176957,88,0.429475
storage,存放,1.0395916828585097,167,0.45959195
shading,明暗,1.0898357648583017,752,0.40613955
wired,乙太,1.1426547379269805,1675,0.34717745
menu,菜单,1.0773646346949597,348,0.41963395
obtain,取回,0.9933727005106245,33,0.5066143
miss,小姐,1.0051031056983752,16,0.49488336
pieces,件,1.1035179495427883,589,0.39112693
future,希望,1.0360308014656354,31,0.46330422
ikea,六福,1.1651331114789454,1515,0.32123038
come,你,1.065926943790308,183,0.431928
mode,模式,1.0549537855392126,76,0.44356126
organize,邀集,1.140654211652485,738,0.34944886
activity,活动,1.1137188617899105,554,0.37978762
newborn,分娩,1.0636652924283936,342,0.4343195
period,初期,1.0109155174697015,27,0.48902273
leather,皮革,0.9691525377460847,229,0.5303643
beer,啤酒,0.8944098058854036,39,0.6000122
insurance,健保,1.1141698815356547,909,0.37929878
material,材料,0.979276870497934,6,0.5205343
geography,地理,0.9625089853357149,11,0.5368073
send,告知,1.0142584555395797,45,0.48561856
learn,瞭解,0.9939409498475935,82,0.50603366
signal,信号,1.0541022812767047,258,0.44440687
any,任何,0.9732882019856893,72,0.52635914
case,案,1.0267581575709783,160,0.47288784
read,閲,1.0431914012774466,437,0.4558429
illustrate,描述,1.1044703563044582,365,0.3900462
sit,安坐,1.0207326767358977,12,0.47902992
opponent,踢,1.1114525108771849,417,0.3823302
by,由,1.0537251169186548,4,0.4448168
new,新的,0.9725953343445278,5,0.527044
lush,幽美,1.0446014385090612,335,0.4544053
out,怕,1.1249936109696,388,0.3672366
building,建物,1.0257204153181958,348,0.47394842
artifact,物件,1.1044910003131305,868,0.39001292
lease,承租,1.013388140175962,98,0.48650607
fish,鱼,0.9694467616852541,217,0.5300797
under,下,1.148198662684194,67,0.3407869
beside,旁,1.051106816759704,48,0.44758883
maintain,保持,0.9750693697112447,48,0.52467895
unintentionally,故意,1.047677211872639,1637,0.45116812
division,旅,1.0969484587372949,103,0.3983215
return,返回,0.9244188249924258,5,0.572732
independent,独立,1.0601860910066434,16,0.43797436
currency,货币,1.007193232229799,125,0.4927667
hardcover,初版,1.0419404111770152,212,0.45717117
open,闭,1.1135400553503552,50,0.38000265
talkative,害羞,1.0759619998858467,1731,0.42121324
letter,信函,1.0459849448034462,52,0.45299083
wire,箔,1.0390526691428297,222,0.46016884
oil,石油,0.9698481396444382,56,0.52967435
parking,休憩,1.1024908615215687,905,0.39224306
platform,平台,0.9901119181989987,6,0.50981915
intentionally,故意,0.9078762218595069,39,0.5878951
patrol,巡逻,1.0945462104584998,336,0.40097544
running,跑,1.0453471188576153,11,0.4536173
check,找,1.0427802833515603,245,0.45629126
ambassador,大使,0.9654266082416477,25,0.53397626
immediately,立刻,0.9305643189531003,23,0.56703407
field,打,1.0987841736125465,42,0.39633211
miscellaneous,冗,1.1962596315085658,613,0.28445327
laboratory,实验,1.080230872314226,643,0.416586
shot,射中,1.0878655768435703,224,0.40826356
nearby,附近,0.9490850146742816,17,0.549635
rules,遵守,1.046048006832219,85,0.45287734
series,系列,0.9586939388763679,13,0.5404467
change,更改,0.9358967496690729,10,0.5620482
and,和,0.8665255124626717,5,0.62457484
category,球球pk,1.1165883499534657,225,0.3766326
further,急於,1.193710358489283,1189,0.2875343
machine,机,1.087994533689926,170,0.40811887
direction,方向,0.9756764879727747,5,0.5239971
phd,教授,0.9747051518786574,107,0.5249336
refit,艘,1.101895601788451,928,0.39291453
brand,品牌,0.8619825878731187,5,0.62848496
isolation,孤立,1.0947698216324753,476,0.40075892
ah,欣,1.0888673245704228,87,0.40719923
photograph,照片,0.8785859716263097,18,0.61406565
preference,偏好,0.9611864970945991,13,0.53803647
total,共,1.0339621059468451,31,0.4654714
college,分校,1.0740818893668518,299,0.42316616
temperature,溼度,1.0705523343399552,1215,0.42695585
attic,屋,1.1422074186186075,1128,0.34771714
cat,猫,1.006424131004277,30,0.49355054
each,每一,0.9753154677657664,18,0.5243526
medium,媒介,1.0933826876353698,11,0.40229478
basic,基本,0.9588360522193656,4,0.54031765
different,不同,0.878090577355855,14,0.6144525
drive,跑,1.0854277312809553,83,0.41090226
router,有问题吗,1.103171942683799,1761,0.39147648
client,程式,1.115155225545671,841,0.378155
lock,锁,1.0523669029610792,36,0.4462646
charge,充,1.0910840989493782,68,0.4047263
ring,环,1.0955964596393901,65,0.39979553
teaching,教育,1.074674987116938,552,0.42251706
limit,限制,0.9956370001418884,14,0.5043401
special,特殊,0.9843461717579421,4,0.51557606
as,亦,1.0890134775626632,64,0.40702742
expert,精通,1.1193868013904864,345,0.37341243
continue,继续,1.072612693376247,317,0.42472565
concern,知悉,1.062628659578278,418,0.435368
meet,跟,1.1308802363980928,245,0.3605447
match,踢,1.0821970879467786,398,0.41442904
classmate,好友,1.027988473954303,160,0.47163612
student,在校,1.0667708609036222,136,0.431043
to,要,1.021208342644119,24,0.47858235
official,官方,0.9579162544487368,7,0.54119635
computer,电脑,1.0521626133136397,489,0.446492
room,浴室,0.9579089603011273,85,0.54122406
kennedy,肯尼迪,1.0763995004404905,1253,0.42073688
scholar,学者,1.084081037135402,349,0.41238707
toward,朝向,1.034413399338598,21,0.46497023
raise,捐,1.064754629509988,87,0.43319583
worldwide,全球,0.9428050122982174,4,0.5555608
protect,防止,1.0112639189022106,78,0.48867622
discuss,瞭解,1.0906955845529573,1180,0.40520677
ok,啊,1.0880973184208824,599,0.4080709
authentic,最能,1.091166598683129,603,0.4046042
football,足球,0.9847108816581452,65,0.51517856
studies,研究,1.0510222477648372,243,0.44769502
search,搜索,0.9983576335427442,24,0.50166816
snack,零食,1.0100188025726795,463,0.48992488
potential,藉此,1.066720088870373,319,0.43101865
monitor,告警,1.1414168812643628,171,0.3486131
jews,犹太,1.0742785857972832,995,0.423003
grassland,草原,1.0606123299777388,896,0.43752408
affordable,低廉,1.068920757319668,269,0.42874742
really,真的,0.9641929763157066,898,0.5351778
air,航空,1.0714440785101635,173,0.42602256
east,西部,1.03003195035912,57,0.46950537
carved,雕刻,1.0332536098166405,502,0.46618327
batch,批次,0.9808552171524987,2,0.518959
seasoning,熬,0.9786308349880208,506,0.5211728
pick,挑,1.0617351529517807,48,0.43636304
aunt,妹妹,0.941840777555678,114,0.5564719
accumulation,孳生,1.0750283536824956,1623,0.42214447
june,九月,0.9420722310832368,16,0.55623233
south,南部,0.986914489412242,24,0.51305026
cold,冷,0.998144990319464,33,0.5018585
photo,照片,0.8798544377779703,12,0.61293393
pot,炒,1.028482200701567,36,0.47113955
go,吧,1.0466548620150453,87,0.45226964
continuous,反覆,1.0960550222424934,668,0.39935702
yuan,宋,0.9913394519861182,810,0.50861585
specific,特定,0.9531645356268366,36,0.5457164
university,大学,0.9735441921986774,124,0.5260812
eleven,十二,0.9319654140977772,28,0.56573707
gift,祝福,1.0911920386117584,347,0.4046436
mountain,山,0.9416854580465491,26,0.55661905
dad,爸,1.0210984279305702,189,0.47868785
build,建造,0.9914859063994516,33,0.50848556
disposable,兜售,1.1323875110320334,1566,0.3588456
morning,晚上,0.8942357124890998,22,0.60020393
supply,短缺,1.072528730712011,343,0.4248647
rich,富有,0.9872360784720827,8,0.5126795
adequate,不足,0.986572006893972,62,0.513348
hawaii,夏威夷,0.9920251345463849,66,0.50793886
skilled,擅於,1.0596019769071425,142,0.43861228
green,绿,1.0221574147142733,25,0.47759825
doubles,夥,1.1324461023879746,1241,0.35878748
far,很,1.0499909528196139,62,0.44873774
hold,持,1.0571876294307285,18,0.44119748
mail,信件,1.0914954335522753,197,0.4043275
seven,十二,0.9424854941013457,29,0.5559013
disappointment,失望,0.9114059512275989,33,0.5846971
body,全身,1.1107550549782894,161,0.38310742
suggestion,同意,1.047304869940421,965,0.4515441
philadelphia,费城,1.0963245304057854,988,0.3990671
them,想,1.0536232020048053,363,0.4449764
notebook,手提,1.0612172903052306,80,0.43692663
life,生命,1.0008054722151836,8,0.4991951
clear,清楚,1.0494689990075983,365,0.4492964
wireless,通信,1.0945487580079027,1027,0.4010199
barbecue,烤肉,1.0430608333654923,375,0.45600814
desk,桌椅,1.0806494590011726,38,0.41611874
sound,音效,1.0231865367313253,81,0.47657436
relatively,非常,1.025383181669467,187,0.47432747
rubbish,垃圾,1.017659713908857,216,0.48221672
lifting,吊起,1.1049172845142679,562,0.38965884
alcoholism,酗酒,0.9467783675065096,95,0.551801
wooden,木制,1.0202022398648118,389,0.4796198
ceramics,陶瓷,0.9239220985604334,65,0.57316846
nation,宰制,1.137344437724141,307,0.35321236
transportation,交通,1.0561963038532676,118,0.44221815
strip,弄,1.1517697536492697,436,0.33670357
random,随机,1.0997062866511171,509,0.39533785
condition,患,1.037012031083461,138,0.46229184
otherwise,除非,0.9824693273003149,214,0.5174133
replenish,消耗,1.0681828063782934,174,0.42949575
almost,近乎,1.047924649745625,171,0.45090836
do,要,1.1226807325871393,836,0.36982414
there,有,1.0820328896060423,257,0.41460538
satisfy,yamaguchi先生,1.0593864238212796,303,0.4388428
terrain,地形,0.9471596697704161,41,0.55147177
bag,袋子,0.9557350845609962,20,0.5432796
start,完,1.0285685976342385,13,0.47105598
capture,攻陷,1.0281383040556684,80,0.47147715
lighting,照明,0.9374346850630575,22,0.5606074
delete,恭喜发财,0.8951408130265311,123,0.59936446
arrive,前往,1.0446886723972861,346,0.4543248
game,玩法,1.0403227933963253,232,0.45885536
left,左,1.0726708299762888,18,0.42470983
pull,拉住,1.0189877144511836,175,0.4808509
now,今天,1.0247890048927324,23,0.47490856
beijing,北京,0.8107647395777379,29,0.6713088
whether,是否,0.9578278148841919,121,0.541271
real,真正,1.09050595308814,49,0.4053766
sky,天空,0.9123881495316638,2,0.58378136
die,死,1.1153104612911524,1272,0.3780191
timely,及早,1.086390788461059,156,0.40986928
tears,泪,0.9876253981278486,42,0.5122909
predecessor,前任,1.0961800565855684,51,0.3992015
too,很,1.0113615869088957,445,0.48858553
dalian,合肥,1.0114705358852782,445,0.4884607
apply,附合,1.093162107710977,969,0.40251496
what,真的,1.0325839085808703,835,0.46688822
cleaning,梳洗,0.9978241117218045,113,0.5021568
since,一直,1.01801201831928,51,0.48187494
embassy,使馆,1.0689802161546675,73,0.42859858
knowledge,瞭解,1.0177982546502293,153,0.482062
let,你,1.0349276281181985,277,0.464439
head,脖子,1.074616724915094,28,0.42264655
holding,持有,1.0605609379659162,39,0.43760583
top,榜,1.028058608898444,14,0.47158512
toll,死亡,1.156868820117556,301,0.33082756
account,退,1.1498074923168702,1124,0.33898413
possible,可能,1.0491520196637858,237,0.44966123
color,色,1.0162814342271516,74,0.48356307
character,角色,0.9313812653370647,30,0.56626207
steam,蒸汽,0.9687828728528584,55,0.53074676
soot,煤灰,1.0296373423253038,273,0.46991616
campus,校园,1.1055559966173745,399,0.3889007
talk,竜龙,0.8375345964113103,47,0.6492775
visible,遮蔽,1.112961984091386,680,0.38066086
indeed,未必,1.0041137963074889,1277,0.4958722
remain,依然,1.0402979606246585,40,0.45893094
basket,炒,1.1166967981254718,137,0.37653166
courtyard,庭院,0.9939769049872044,387,0.50602216
notes,旁注,1.1310233915496766,108,0.36026758
you,你,0.958524491717152,400,0.54064053
late,中期,1.001519802953813,30,0.49847338
copy,原稿,1.0773142934465458,168,0.41967896
reach,超越,1.0703714678423752,46,0.42716786
box,盒,1.0286029487587414,8,0.4709922
companion,犬,1.133571736864971,113,0.3575459
mean,假如,1.0338353071043145,258,0.4656017
wood,木材,0.9775471107376105,36,0.5221937
city,市,0.9891941851646111,8,0.5107156
before,之前,0.9750860266243142,25,0.5246142
straight,直直,1.009770959149689,21,0.4901457
forget,忘了,1.0445391974227454,314,0.4544731
science,科学,1.085697839411966,391,0.41063616
minute,分钟,1.033423584689796,28,0.4660238
commentary,引言,1.0786227153640369,280,0.4182809
pipeline,管道,1.0098982828885443,37,0.49002874
train,趟,1.0551497017243716,251,0.4433385
reference,引用,1.0601667194484852,130,0.43801507
mutual,彼此,0.9781501705747129,7,0.521621
district,市,1.0855548948250164,278,0.4107694
attached,黏在,1.1229044956564707,437,0.369562
exclusive,专属,1.1035956479980031,128,0.3910784
perhaps,何止,1.147132583417048,1356,0.3420456
sparring,拳,1.122595817752066,871,0.369876
smoothly,稍微,1.1366280713184078,1629,0.3540472
tableware,餐具,1.0726242840091142,658,0.42471734
foreign,外交,1.059610209645443,50,0.43858427
highlight,增添,1.104200658395638,162,0.39039254
reason,理由,1.0703552104938059,157,0.42718548
opinion,看法,1.015805217018626,419,0.4840707
of,的,0.9815052296628324,3,0.51829976
sunshine,幸福,1.0944507961364216,99,0.4010869
chance,希望,1.0202917717624407,32,0.4794993
process,流程,1.0676934448085382,216,0.43001643
bath,浴,1.0255173658522052,21,0.4741526
ceremony,仪式,1.0475447651373304,109,0.45132768
contain,含有,0.9407438405171222,7,0.557514
lovers,恨,1.0691795428770194,594,0.42841744
frequently,常常,0.9451737709597748,44,0.55329704
analyze,分析,0.9973949557590307,152,0.50258607
preferred,偏好,1.0561149539442853,108,0.44227603
training,教官,1.0617167395523497,203,0.4364099
how,如何,1.0227366894013514,242,0.47702116
comfortable,舒服,1.0257015517755665,73,0.47396708
features,包括,1.0706403728912262,151,0.4268896
consult,徵得,1.086766015054796,364,0.40950426
station,站,1.006755071220631,35,0.49322107
advertise,代言,1.1314573556858318,1529,0.35988688
resource,资源,1.088132227326339,347,0.4079941
telephone,手提,1.0497309619174051,148,0.44903255
intact,存留,1.0277659714107334,71,0.47185284
mischief,耍弄,1.085351706689518,1725,0.41103566
cooperate,合作,1.0816548463772067,570,0.4149993
tool,工具,0.9067104442723397,6,0.588929
novel,小说,1.038469517759933,223,0.46078494
trend,急遽,1.0446755274460835,82,0.45432228
prevent,防止,0.8593920359702686,19,0.6307271
exterior,外廓,1.1068261206848549,1210,0.38745892
small,小型,0.9893650200638416,14,0.5105663
reputation,名望,1.0601557168047404,204,0.43804607
labyrinth,密室,1.1025313004623845,361,0.3922424
third,第三,0.8129034109195152,10,0.6695755
know,知道,0.9890461716123579,416,0.51093286
look,看,1.0008377985797448,189,0.4991638
times,更,1.1341473969512639,168,0.3568832
policy,政策,0.974896096133767,36,0.52477705
noise,噪音,0.8997081821009004,12,0.59524965
warranty,保固,1.0424074559117158,144,0.456683
overnight,早晨,1.0636087162280397,94,0.4343926
bread,菜蔬,0.9876738543326891,344,0.5122344
title,衔,1.1649992389457082,691,0.3214093
flexible,易於,1.092337509349902,1469,0.40341693
finish,拿到,1.1109190056124612,408,0.38294134
goods,商品,1.0540380033600998,277,0.44446614
express,特快,1.029829127894787,16,0.46972388
force,令,1.0770343534922613,170,0.4199799
specialized,兼具,1.1111148706009908,224,0.38271618
discount,劵,1.118171289408465,706,0.37482855
three,共,0.9523459091291412,41,0.546516
system,制度,1.1069248639520801,150,0.38733858
december,九月,0.9619174942541747,17,0.5373567
improve,改善,0.9080560790897806,25,0.5877221
language,语言,0.9666174223635984,75,0.5327977
printer,列印,1.0283572687150844,81,0.47122133
that,但,0.9917555937837259,307,0.50820297
pleasure,欲望,1.0756501733999004,333,0.42145377
questionnaire,量表,1.122739788899262,630,0.36970943
accept,接受,1.040458067217286,115,0.45870924
buy,出售,0.9974867628642409,99,0.502496
cozy,嬉,1.1517826936853128,825,0.33672428
confidence,信心,1.0149924363495637,62,0.48487386
somewhat,不甚,1.0463426478734965,628,0.45254007
formulate,提出,1.054923045242607,498,0.44358072
spare,擕,1.0876595835961524,133,0.4084742
today,今日,0.9789517963964298,7,0.5208012
grateful,由衷,1.082172547073895,289,0.41445422
negotiate,接洽,1.0405137152081434,217,0.4586766
replace,取代,0.9002324749474532,6,0.5947928
habit,喜好,1.1255539485465311,1154,0.36650616
beat,踢,1.0756431890071083,161,0.42149934
simply,既然,1.0367008942362999,756,0.46264485
articles,模版,1.0528062992718679,360,0.44577518
worry,怕,1.0399131980950755,834,0.45931888
place,在,1.0776606598005694,16,0.41933843
hydropower,水力,1.0392498443579266,154,0.46001688
transparent,透明,0.9352503166738191,8,0.5626696
so,所以,0.9803773091585396,311,0.51941913
matching,匹配,1.1115069546875052,296,0.3822708
august,九月,0.9542809000685477,14,0.5446743
forest,森林,0.9420378399663117,27,0.55630314
understanding,了解,0.970675554039112,85,0.52890444
cloth,布料,1.020353209723472,356,0.47946092
sell,出售,0.9869005097364364,56,0.5129978
thing,真的,1.0139101487569249,947,0.48599923
desktop,桌面,1.0587746631151775,1105,0.43950602
american,裔,1.066761657069397,57,0.43098292
possibility,可能性,0.9727791179055923,76,0.5268399
emphasize,著重,1.054409806346359,878,0.444088
adult,成人,1.0211565516813097,20,0.47862154
enter,入,1.0888982292715825,87,0.40715572
available,提供,1.0558654691846756,97,0.44257843
psychology,心理,1.0201810517962258,471,0.47962153
say,既然,1.003580136110445,794,0.49643964
horse,一匹,1.0210998955367712,144,0.47866833
hp,引擎,1.0458692724958765,266,0.45305747
guitar,吉他,1.0079831989824375,338,0.49196815
single,首,1.0637285322160313,27,0.43423027
fresh,味,1.0649963665912157,208,0.43288702
property,承租,1.043687942890753,140,0.45535022
intention,有意,0.9887792130601004,41,0.511199
she,她,1.0260976102594597,51,0.4735455
red,白,0.9949310943003147,13,0.50503874
degree,系,1.0707115017028075,149,0.42681187
talents,人才,1.0858815592847353,481,0.41040364
manual,附,1.1432845117202985,256,0.3464805
complex,合,1.1347785803643708,400,0.35609698
when,才,0.9838136668739387,100,0.516063
energy,能源,0.9540584383169711,21,0.5448676
automatic,自动,1.1185834515189554,376,0.3743687
payment,支付,0.9334943398593444,125,0.5642873
therefore,所以,0.9718752757232949,178,0.5277058
save,拯救,1.052172271970486,96,0.44650593
receipt,索取,1.0020796471777806,87,0.49790135
project,正在,1.1169476581294753,238,0.37619635
resident,居住,1.0423787304526597,15,0.4566936
documents,文件,1.0496190218784596,193,0.44916934
thanks,竜龙,1.059397363528578,549,0.4388168
nine,十二,0.916253788297047,26,0.58025175
cupboard,箱子,1.0562827078903323,414,0.4421171
novice,新手,1.1402355969862414,149,0.34991026
girl,女孩,0.9210042644535756,26,0.5758674
appoint,委任,1.04493394647185,280,0.4540411
gold,金,1.0461860636950904,64,0.45275843
existing,原有,0.9775477969076748,14,0.52221
cup,杯,0.9966913317105562,63,0.5032639
stove,炉,1.057100710716981,416,0.44128475
noodle,糕,1.009604258846717,300,0.4903413
same,同一,0.9564996367785579,9,0.54254127
hour,每晚,1.0258141627887087,51,0.4738507
screen,屏幕,1.0300229537950822,51,0.46951607
absolute,理想,1.087021756659986,433,0.40925023
few,不少,1.0141749701155827,58,0.4857264
alternative,替代,1.0537913601017788,19,0.44473296
balcony,露台,1.0341387612802766,396,0.4652533
supplies,急需,1.0931006398949898,514,0.40254632
lesson,瞭解,1.1068159034899592,154,0.38749063
advice,答覆,1.041887232308384,159,0.45723972
generally,大多,0.9781949063540192,87,0.5215564
should,竜龙,1.0767304857929612,723,0.42032495
replacement,取代,0.9261081152415369,6,0.57114744
wallpaper,傢,1.1373378052756906,1367,0.3532539
piano,演奏,1.0600148548281787,977,0.4382188
mostly,大多,0.8663816375982627,10,0.6246786
model,模型,1.044607841938465,33,0.45438802
underground,地下,0.9408392748620266,6,0.5574276
easy,容易,0.9763869707768643,28,0.5233385
believe,相信,0.98166464868115,417,0.5181684
saturday,星期日,0.9821422383101382,55,0.5176944
belong,扯到,1.1269333779244846,365,0.36508816
order,藉此,1.0756277295119379,39,0.4214917
tomorrow,明天,0.9465596167116304,7,0.5520295
pittsburgh,芝加哥,1.0899919714232973,1005,0.40591744
trailer,拖,1.1191126006508694,835,0.37374857
berkeley,加州,1.1043807688519505,550,0.39018053
excellent,良好,1.027410245915496,130,0.4722234
major,重要,1.0534738350586765,7,0.4451127
kitchen,浴室,1.0024945375550685,193,0.49747932
quality,低劣,1.0277143348839237,16,0.4719085
architecture,揉合,1.1487293899222002,853,0.34020266
appear,似乎,1.066259856617049,125,0.43155894
factory,厂,1.0256465516565156,59,0.47400397
majority,三分之二,1.055059452910504,51,0.4434381
travel,旅行,0.9430935915137255,14,0.5553085
super,超,1.0211129327475976,7,0.47867364
laundry,洗衣,0.9573788807501047,33,0.5417492
electric,电,1.0889325940801915,393,0.4071265
apartment,公寓,0.9510278201873663,41,0.547798
ride,乘坐,1.027136907650144,113,0.47250515
pedagogy,教育,1.0868173370197551,1091,0.4094186
communicate,瞭解,1.0917218250266307,689,0.4040778
content,竜龙,1.008380803281229,162,0.49158907
fruit,水果,1.0304591395239553,583,0.46908236
agriculture,畜牧,0.9806886624124219,99,0.51909167
completely,完全,0.9751587438177773,48,0.5245235
main,主要,0.9883843125304392,1,0.51158637
bright,明亮,0.9676948241122845,83,0.5318099
scenery,景物,1.0215084259352825,131,0.47826105
seal,印章,1.0894719769494035,19,0.4065239
basement,地下室,1.0489156449412278,208,0.4498636
pay,支付,0.9747691485986427,91,0.5249147
formalities,事宜,1.107471296561218,1421,0.38668624
hope,希望,1.0031729801317286,27,0.49677092
priority,考量,1.0825161358292679,61,0.4140592
responsible,负责,1.0876980348387015,154,0.40847826
point,角,1.0460876193881898,11,0.45283395
corridor,走廊,1.0405364448565777,169,0.45865873
master,匠,1.1032703406952418,84,0.39141124
remove,去除,0.978901386037528,63,0.52087563
already,早已,1.0265091746746675,225,0.47314718
ensure,以便,1.0695422809269013,331,0.42807406
ceiling,壁面,1.060539761608282,573,0.43761995
become,成了,1.110896239047892,139,0.38289857
sleep,睡,0.94002911405731,37,0.55816346
central,中央,1.0161149133854934,7,0.48375124
adjust,增加,1.0807424086531858,593,0.41599876
noisy,聒噪,1.0702100675527595,80,0.4273255
grand,松,1.1481044825509044,156,0.34093794
weekend,逢,1.0483252778512975,104,0.4504911
one,十,0.9796595717366189,34,0.5201395
face,脸,1.0454085399861681,39,0.45356563
alone,衹,1.134235278603772,254,0.35672447
yes,你,1.1386267093116507,1543,0.35178685
pursue,投身,1.1191728406747155,402,0.37365592
reserve,只,1.1602402872546802,392,0.32697088
mom,爸爸,0.9877928095509155,68,0.51215893
friend,好友,0.9276592995734446,57,0.56972355
winter,冬季,0.84206538722635,5,0.64545417
enough,就算,1.0370126112632219,352,0.46229562
fee,收取,1.0281896207733152,93,0.47142437
damaged,遭受,1.0496404310713947,266,0.44911882
investigation,追查,0.9810765649361989,94,0.51875097
overall,持平,1.09621026357404,68,0.39914566
black,黑,0.9593392198063628,5,0.5398585
white,白,0.986395302938717,22,0.51348394
books,一本,1.0251783064235613,137,0.47451895
accomplish,做到,1.0724230565048796,383,0.42497388
paid,收取,1.0258703403081362,206,0.47382033
large,大型,1.0371003481304377,68,0.46223983
like,不像,0.9536452123889098,37,0.5452729
coach,教练,1.148026253409574,1571,0.34099615
discriminate,排斥,1.1266768710313655,1961,0.36527798
lie,歪,1.0946439233374612,73,0.40088463
explain,瞭解,1.0320144214061893,691,0.46745962
daily,每日,0.9164274095687237,7,0.58008844
other,其他,0.835281289727736,7,0.65115356
ya,哇,1.0760625667641428,99,0.42103487
illumination,照明,1.0134333307238725,146,0.48648432
boss,老大,1.0411479747577541,148,0.4580064
meeting,出席,1.0800763486614018,117,0.4167169
shared,分享,1.0234067810023448,4,0.47626224
ticket,收票,0.9852062356275115,10,0.51468754
background,背景,1.078260306881105,193,0.41870344
online,社交,1.1510939547845074,1022,0.33747867
type,型,1.037913029550598,13,0.4614048
wish,想要,1.0464572227005735,269,0.45248568
time,之前,1.0028718688752267,22,0.49713224
taste,味道,0.8612009334017465,16,0.6291397
pet,狗,1.0356175321419026,46,0.46373606
resell,出售,1.0684360526580825,350,0.42922854
back,往前,1.0742834373218064,79,0.4229512
nomad,游牧,1.088571467405585,69,0.40753204
access,提供,1.033918290552998,34,0.46550137
interval,值,1.090443326379346,1066,0.40545407
personal,本人,1.1137165759199805,305,0.37980595
abroad,海外,1.1196195125838613,416,0.37322846
class,型,1.1246622228646854,75,0.36758426
manage,接手,1.1187866878076054,549,0.37414432
office,官邸,1.094400724428138,123,0.40111342
sign,投,1.1116077299890248,55,0.38220522
draw,仗,1.0641922595482873,62,0.4337143
private,私人,0.9473458113442027,6,0.5512672
twelve,十二,0.8921987596534736,26,0.60201067
conduct,偏私,1.1253612501233214,1285,0.36679572
with,和,1.0374086412057602,10,0.46189195
four,四,0.9382975846171853,33,0.55979437
home,全家,1.0873586083783109,31,0.40879944
senior,委任,1.1204089796497196,215,0.37234858
money,拒付,1.0191892025790672,253,0.48061296
sincere,由衷,0.996271330918386,499,0.50375515
between,之间,1.0138138354593942,2,0.48607263
against,反,1.072272560576285,149,0.42509285
half,半,1.049424391320192,25,0.44934982
message,信件,1.0104644803016016,66,0.4894988
yourself,你要,1.03385363857188,733,0.4655799
within,之下,1.1041403772409077,98,0.39042443
actually,只是,0.9601994071790458,400,0.5390188
eighteen,八十,0.9630289472404232,28,0.5362438
require,不需,0.9837297298516542,80,0.5161507
food,食物,0.8948068367114445,20,0.59964305
up,把,1.1332841615467488,166,0.35782778
piece,多段,1.0711721154035805,131,0.42629555
repair,修理,0.9638887527891673,21,0.53541785
big,碰,1.0372302377623661,9,0.4620844
mutually,彼此,1.0082849215235272,18,0.49168178
church,教堂,0.9878308352728503,282,0.5120903
cabinet,首相,1.0521865063872704,122,0.44647533
conversation,聊天,1.0863397317041859,1322,0.4099351
apologize,道歉,1.04756717405549,1750,0.45125663
live,唱,1.1216567696846604,145,0.37084377
skill,技巧,0.9797195212848457,105,0.52004975
scope,涵,1.1162443871854166,109,0.3770176
drainage,灌溉,1.0200558572579281,242,0.47976333
essential,必需,0.9937586347855942,23,0.5062208
diplomatic,外交,0.9630493949645128,31,0.536252
generation,世代,0.9490248473779286,3,0.5496829
nothing,就算,1.0478553785547826,1396,0.45101473
tour,巡演,1.0886670038675732,186,0.4073708
friends,朋友,0.9051854209741927,19,0.5903081
bookcase,桌椅,1.0675871272675903,330,0.4301287
shelf,冷藏,1.106855206007471,203,0.38745376
talent,天份,1.054345482733645,115,0.4441896
six,七,0.9324120646462823,34,0.5652932
discover,找出,1.0084475054545226,240,0.49152857
transform,藉著,1.0948008411039094,372,0.4007053
opposite,相反,1.064240525839919,18,0.43372568
justice,司法,1.0872501766979923,267,0.40895557
pickup,掀,1.1056642765913192,722,0.38878667
focus,聚焦,1.1254577266877681,114,0.366679
reward,奖励,1.096220808963898,231,0.39917377
prize,奬,1.0591315408303803,65,0.43909657
everyone,大家,1.0388422280617444,1277,0.4603922
tail,腹,1.0323966574200267,281,0.46708924
square,呎,1.098998267378736,122,0.39614457
usa,美国,1.134930209807551,252,0.35597447
internal,外部,1.091821837939618,50,0.40389594
include,包括,0.9782244762133019,14,0.52155197
around,都在,1.092027700633958,107,0.40376323
simple,简单,1.0290291333341886,192,0.47054377
spirit,邪念,1.0297801913026428,56,0.469775
try,找人,1.0655031643392787,140,0.4323574
leisure,休閒,0.9753158069623756,10,0.5243706
undergraduate,本科,1.0585136166388376,448,0.43975633
wheel,扭,1.0665721483148867,468,0.4312559
variety,各式,1.0193363327087657,39,0.48052424
this,yamaguchi先生,1.0800950482973757,192,0.4166707
task,要,1.10743525609877,236,0.38682872
test,测试,1.0804010362882486,88,0.41633996
fingerprint,指纹,1.0387796626705728,70,0.46044195
golf,桌球,1.1489417008083114,792,0.33997607
mirror,镜,1.040143520614173,46,0.45905057
design,设计,1.0085586678216683,56,0.4913869
insert,插入,1.0610896210019132,84,0.4370452
catch,抓,1.0229026266609678,41,0.47685313
rather,而不,1.0345723008078727,687,0.46484962
math,初等,1.1374441394456796,346,0.3531432
province,省,0.9945397445531919,19,0.50541914
wind,吹,1.0405349470969076,78,0.45862183
cartoon,卡通,1.0226580333922137,236,0.47707707
participation,有份,1.1217253884016265,648,0.37090918
pity,愁苦,1.049825806311377,895,0.44891042
show,集,1.106531172002285,575,0.3877743
solve,找出,1.0483861891463337,177,0.45046797
carport,房,1.0734527430729603,896,0.4238592
manufacture,制造,1.054636445128455,466,0.4438879
memory,记忆,1.0907391735220078,197,0.4051536
just,就算,0.9744706259124724,230,0.5251961
part,部份,1.0327773971949366,15,0.4666718
ball,球,0.9893322873215109,32,0.5106043
example,例如,0.9598664766572189,20,0.53932786
convenient,方便,0.9822521215925449,37,0.5175814
appendix,附录,1.1289570721018318,386,0.36271906
yesterday,昨天,0.99282088302562,49,0.5071455
clean,洗,1.0635683414906052,62,0.43440974
structure,结构,1.0468765634236799,139,0.4520095
relation,只跟,1.0563204754796274,357,0.4420624
stage,舞台,1.0599883662823308,38,0.43824616
owner,所有者,1.0785387158481188,118,0.41837856
indicate,表明,1.0821484647374136,271,0.41446632
report,指出,1.1426433450132343,136,0.34717715
blue,蓝,0.9820115926970089,44,0.517826
shell,壳,1.060226344272861,71,0.43797642
reunion,重逢,1.0584374146487334,105,0.43985462
support,支持,0.9097331603520858,8,0.5861954
sudden,突然,0.96852197873154,38,0.5309854
fixed,固定,1.081065282170268,192,0.41566133
download,下载,1.0801878898850659,658,0.41657454
night,夜晚,0.9093052576960211,13,0.58658046
install,安装,1.1160327329378044,723,0.37725425
seat,座位,1.023913016506848,18,0.475783
landlord,店主,1.0475940543983662,166,0.4512251
stand,坐,1.0624625484423154,13,0.4355476
once,才,1.0540309895784137,189,0.44452527
post,今早,1.1219776764919862,57,0.37061417
mailbox,信箱,1.0698026914127623,216,0.42776427
joint,共同,1.0698802025588303,16,0.42772985
orange,橙,0.9511549067327223,4,0.54764116
fundamental,基本,1.0542525470633568,1013,0.4442575
boys,男生,1.0281830800660292,45,0.4713923
chair,主席,1.0822977342480502,89,0.4143683
kneel,跪,0.9911277382255925,27,0.5088464
west,西,1.006459214840308,42,0.4935055
hood,帽,1.090936998960941,83,0.404942
school,高中,0.9988541866390676,131,0.50114346
outer,外,1.0930219075961893,324,0.40265095
born,出生,0.9290442398912199,9,0.5684452
fitness,健身,0.9719031498796107,10,0.5276991
quite,很,0.9922096236816303,529,0.50779593
police,警察,0.867511764631568,17,0.6237147
quarrel,吵架,1.0963578870355264,1641,0.39909697
bitter,辛辣,1.0134165065112286,48,0.4864867
circuit,庭,1.1335686529667521,213,0.35749885
old,老,1.0428476404721774,10,0.45620513
carry,酬,1.0913164753225608,133,0.40449068
if,如果,0.9775225706911539,289,0.52211547
usually,通常,0.9117512224012976,32,0.5843521
overworked,埋怨,1.087276301331397,1194,0.40896538
sentiment,反感,1.0240755028684219,442,0.4756511
chat,聊天,0.993212567307073,11,0.5067804
tidy,些小,1.1064033210212698,427,0.38795304
or,或者,0.9816836058041418,14,0.5181668
economics,学,1.143853831352552,1949,0.34578893
departure,安排,1.086246208095858,180,0.41003573
record,刷新,1.078779991604233,39,0.4181012
garden,花圃,1.0244886340106494,85,0.47520036
purchase,出售,0.9612580459816684,71,0.5379968
february,九月,0.9661120210876804,17,0.533325
i,我,1.022991388856654,338,0.47676447
beg,乞,1.1136090670638759,539,0.3799386
coal,煤,0.9580170111764994,56,0.54110175
deposit,存摺,1.0432099471051595,111,0.45583662
strengthen,加强,1.0941065313821254,594,0.40148678
index,索引,1.1018424781848966,26,0.3930305
doll,玩偶,0.9939331575371246,33,0.5060299
location,所在,1.045022591125595,30,0.4539869
lamp,灯,1.0236311330222554,96,0.476077
toilet,洗澡,1.0002568148113469,130,0.4997455
graduate,考取,1.0523323332322947,411,0.44629788
showings,放映,1.0864982882460683,313,0.40977895
polytechnic,理工,1.0549266798302737,118,0.4435275
cover,封面,1.0276122467642945,16,0.47201386
southeast,西北,0.960817239141045,43,0.538446
average,平均,0.9103681471133678,4,0.5856051
music,音乐,1.0760708514251698,752,0.4210318
configuration,配置,1.0587544125888468,844,0.4395122
use,使用,0.9141249923565562,6,0.5821912
card,卡片,0.9283572754609283,7,0.5690861
he,他,1.0219151636465036,35,0.4778656
play,上演,1.0487288511773745,23,0.45010298
warm,温暖,0.9964149292100046,71,0.50355744
whole,部份,1.0668506395697668,158,0.43093514
brother,弟弟,0.8890478735763969,37,0.6048095
literacy,文盲,1.1426843528371506,804,0.34714666
very,非常,0.9263818187339232,55,0.5709436
paper,印刷,1.0405209854988136,64,0.45867905
disturb,躲,1.0635223007438315,216,0.4344464
gym,健身,1.0195877196380192,48,0.48020574
can,可以,0.9978810588213619,96,0.502128
elevator,升降梯,1.1396225672592208,1550,0.35062873
marble,大理石,1.0556073474794905,687,0.4428903
key,重要,1.0483085875829408,18,0.45052758
increase,增加,0.9030750413428806,25,0.5922253
address,地址,1.0891852608657318,116,0.40687773
advance,退回,1.0563739109634154,23,0.442062
rise,上升,0.9852215864185775,11,0.5146687
egg,蛋,0.962696218105379,23,0.5365941
door,窗子,1.0247683687187568,153,0.474915
audio,音效,1.0411889061047974,199,0.4579437
damage,遭受,0.9964683633816424,79,0.5035202
greening,植林,1.0699888624588967,118,0.4275616
network,播,1.0985309132831984,350,0.3966236
high,低,0.9906831740285776,7,0.5092713
cheque,支票,0.9947571694349193,56,0.50523573
recommend,yamaguchi先生,1.0876614265947895,1444,0.40848106
responsibility,推卸,1.150326518406775,1828,0.33847144
domestic,畜,1.1377544340608223,117,0.35272777
load,量,1.0455566482525795,158,0.45338845
equipment,器材,0.967468449600774,42,0.5319683
from,到,0.9969697788690919,2,0.5030424
keen,善於,1.08091599976252,309,0.4158136
translate,懂,1.069449457272498,197,0.4281734
theater,演,1.0994545248221264,380,0.3955941
electronic,电子,1.117942065877953,612,0.37507996
family,家族,1.0303144406509077,14,0.4691957
share,分享,1.0132569869784642,6,0.4866308
also,亦,0.9752943033081956,21,0.524381
shoot,拍,1.069203962213797,110,0.42840058
targeted,遭,1.1273124265685037,782,0.3646073
hair,眉毛,0.9989056198665774,188,0.5011052
everybody,你,1.0412327719473884,445,0.4579342
temporarily,被迫,1.043910197672851,111,0.4551258
sports,体育,1.0596685338115355,90,0.4385206
adaptability,能力,1.0828289246142673,1324,0.41371876
end,结束,1.0456461724295807,25,0.45331052
located,位於,0.9696290285721032,32,0.52989954
relax,放松,1.0575286605431615,32,0.44084418
full,完整,1.1433507947788695,23,0.3463583
pack,拖,1.0884296468592256,81,0.407631
cooking,烹煮,0.9976909154328074,197,0.502289
japan,日本,0.8206890318437946,8,0.66323686
submit,送交,1.1025555527806774,225,0.39220482
second,第二,0.823782990789423,9,0.66071236
actual,本身,1.0121305602434538,235,0.48781836
landing,降落,1.0093015987172298,128,0.49068952
understand,理解,1.010866414490824,821,0.489057
precise,清楚,1.061792149506865,644,0.43627557
engineering,工程,1.0049923933062244,94,0.49499884
shop,店,0.9621888130938139,70,0.5370753
friendly,友善,1.0069760680665814,11,0.49298835
restaurant,快餐,1.0009986273465923,166,0.4990016
cockroach,蟑螂,1.003305879889892,63,0.49668917
frequency,频率,1.055853855763294,618,0.44255733
plate,板,1.0844840768278052,51,0.4118994
blocking,竜龙,1.06617425268102,1001,0.4316314
outdoor,室外,1.0612380107655472,120,0.43687814
in,於,1.0011632408702118,6,0.4988525
landscape,景物,1.1069555065261754,769,0.3873649
need,需要,0.9765373867725321,151,0.5231708
it,它,1.008840962791997,30,0.49109796
basketball,足球,1.074289299084021,448,0.42295086
temporary,永久,1.0430370880966748,7,0.45605373
over,逾,1.1326506386031798,227,0.35854366
relative,相近,1.061849130674648,218,0.4362094
enthusiasm,鼓舞,1.046830849042292,689,0.45204788
source,可靠,1.0836351819670396,182,0.41286752
keep,恭喜发财,1.0507744558029188,543,0.44789404
journey,旅程,0.8388438183520802,7,0.6481823
cannot,不能,1.0069256952989663,173,0.49304312
fishing,泊船,1.055348695250204,305,0.44310114
living,居住,1.0743107509541823,29,0.4229237
bedroom,浴室,1.0170500452032452,175,0.4828349
remind,提醒,1.050609732147975,955,0.4481058
department,部,1.1209055549896356,192,0.37176433
certificate,准予,1.079468176278466,173,0.4173692
facility,基地,1.0860710484165972,261,0.41020077
people,人,1.0241349721702662,11,0.47560793
mop,恭喜发财,1.1046320843193962,829,0.38986275
transformer,激磁,1.0722209144982033,843,0.42514503
advantage,靠著,1.057230378264567,138,0.4411537
research,研究,0.9409800232755798,46,0.5572998
which,而,0.9649325600233756,42,0.5344533
put,把,1.1061552675859205,360,0.38819808
wash,洗,0.9382450587875651,5,0.55986035
bit,很,1.060670767880954,655,0.43752086
closet,澡堂,1.045593252111564,198,0.45337996
will,若是,1.0522040871107738,140,0.4464306
bigger,更大,0.9554690284232705,9,0.54352254
soil,土壤,0.8789688946787099,13,0.6137317
receive,收到,1.0193286299456175,34,0.48049822
serious,主因,1.0802846743201133,1182,0.41652358
trick,帽子,1.0446293049374729,37,0.4543497
original,原版,1.0536875859040158,26,0.44488686
fine,些,1.1432231189658066,171,0.3464767
personnel,空勤,1.0960590766496607,325,0.39929926
dining,餐室,1.0447584567939083,447,0.45423794
trouble,怕,1.0143734917763938,260,0.48554796
host,播,1.1097380439892583,106,0.38425878
apple,苹果,0.9576369481946732,25,0.5414497
transfer,交回,1.06732377178061,32,0.43037137
overtake,超越,1.0721450756537743,201,0.42525083
team,赛,1.107668984452266,867,0.38654968
market,市场,1.0348315824998204,85,0.4645597
tire,打滑,1.1183951790827824,952,0.37458676
intend,打算,1.0936571335104206,1225,0.40200037
cleanliness,健康,1.1223849531673964,1186,0.37015015
ha,卽,1.0926523060306845,83,0.4030523
patience,毅力,1.0597706806579945,381,0.43843955
result,主因,1.1113340813274508,103,0.38247246
house,屋,1.0476608253808217,58,0.4512097
temperament,性格,1.0306627235799326,119,0.46886954
knife,刀,0.9595442162871545,34,0.5396635
child,孩子,0.9458726087460908,34,0.5526646
relevant,yamaguchi先生,1.0745931552668722,1473,0.42262277
tree,一棵,0.9201536751204946,10,0.57664776
doubt,相信,1.0327485800250782,1330,0.46670967
mild,辛辣,1.067631212724114,298,0.4300582
backyard,遛狗,1.0812485891706152,263,0.4154512
shield,盾牌,1.0252659504989923,16,0.4744143
next,就在,1.0386049389226664,21,0.46066436
care,照料,1.0229569195872343,101,0.4768257
revise,修改,1.0242746990557896,130,0.47540742
power,掌控,1.0299844440170975,35,0.4695728
quick,怎,1.1022546613243722,393,0.39252532
moon,月亮,0.9799971955341767,27,0.5198148
well,除了,1.0009478017420799,60,0.49905178
contract,合同,0.9165727181421394,12,0.5799198
spread,蔓延,0.9975421896337925,9,0.5024216
keel,船桅,1.072521911148099,368,0.424819
below,以下,1.1513400063798835,80,0.3372303
medicine,牙科,1.0558402001825418,433,0.44260782
regulation,促,1.0954201362900982,691,0.4000221
strategy,策略,0.8981478831758585,7,0.5966618
continuously,一直,1.0669530460762888,81,0.43084946
pure,纯,1.0500813594002043,63,0.4486515
bookshelf,校稿,1.135941408372545,535,0.35481828
club,俱,1.0405363494297941,77,0.45860887
rmb,元,1.0752705794668536,553,0.4218841
airport,机场,1.040112451677254,136,0.4590862
benefit,更好,1.0733379258973021,280,0.42399278
festival,影展,1.1007601336274655,330,0.394152
closed,已於,1.1672937624573985,185,0.31872788
difficult,容易,0.9938921306950773,129,0.50606143
dessert,菜餚,1.0269550831317742,737,0.4726615
hand,左手,0.9874470037982314,24,0.5124578
regardless,若是,1.0414543256274187,442,0.45769936
reply,回覆,0.929759579092491,64,0.5677861
panoramic,全景,0.9657027671337973,16,0.5337248
neglect,不堪,1.066859893733861,629,0.43087107
pavilion,池畔,1.1113432971120618,478,0.38248536
drink,喝,0.8847224838427701,25,0.6086238
theory,概念,1.054686693410921,1117,0.44380322
cloakroom,居室,1.0805625791852724,416,0.4161616
eight,十二,0.9080868998431811,28,0.5877016
first,第一,0.9080789705226747,6,0.5876822
plum,桂花,1.0012942037211687,61,0.49873623
conscience,良心,1.018938931662684,370,0.48089764
bring,藉此,1.0970591165566466,899,0.39818904
situation,困局,1.0700631467392117,550,0.42751744
law,法律,0.9569220238193572,20,0.5421473
depth,深度,0.923224076848334,4,0.5738404
popular,有名,1.0590814191185722,64,0.43917137
compare,看,1.135462490467222,462,0.35535145
stop,不停,1.0269317850715562,24,0.47273013
answer,回答,0.9593746441344441,66,0.5397952
health,健康,0.9456182858348477,61,0.55292577
then,接著,0.9442965475415569,25,0.5541898
immediate,知悉,1.0850680229581373,202,0.41130584
era,末期,1.0340159405252227,18,0.46542063
china,中国,0.9875778928654486,474,0.51234806
help,希望,1.0274790968541572,175,0.47209617
blow,吹,1.0699742611374992,238,0.42756405
driving,超速,1.074106502425025,257,0.4231787
application,程序,1.0848026649395375,1004,0.4115869
select,抽出,1.061647414553442,38,0.43640116
lawn,草坪,1.0401117607839596,99,0.45904893
wardrobe,衣服,1.0676432572185002,249,0.43013263
countless,不少,1.0565199378376102,173,0.44192553
singles,单曲,1.0932796231772106,609,0.40240988
difference,差等,1.0155395973967165,78,0.48433793
basically,只是,0.9893502836259286,646,0.5105599
mid,中期,1.0462261319518635,27,0.45268732
paperwork,通知,1.1129121351139872,924,0.3807502
speed,速度,0.9441017793966218,16,0.55433893
user,竜龙,1.0840571858231736,852,0.41235644
evaluate,瞭解,1.0927002578893314,1067,0.40298325
five,七,0.9399579664990059,37,0.55824596
website,官方,0.9962256358171198,27,0.5037691
foam,棉絮,1.093722001993707,1841,0.40190956
influence,受到,1.0353950045350742,143,0.4639714
freezing,融化,1.0856287301320273,657,0.41069928
inch,吋,0.9275940070677692,10,0.569783
switch,搭配,1.103563344972051,664,0.39105162
tradition,甚早,1.1282925700202977,1744,0.3635159
name,名字,0.8846784206721036,5,0.60867447
tactics,策略,1.079555074616757,340,0.4173054
not,也不,1.0056555313791335,202,0.49433106
challenge,挑战,1.0896915953917836,93,0.40628695
comprehensive,完善,1.0716221181721504,50,0.42584908
video,影片,1.0294224880250993,188,0.47018114
fun,好玩,1.0279725806364166,463,0.4716444
exercise,作息,1.125381636230426,482,0.36673176
hall,大宅,1.1027383376728546,229,0.39195368
cosmetic,美容,1.0777464140278066,387,0.41926992
why,怎,1.008466378230566,731,0.49150866
corner,街,1.0350591127188908,56,0.46431676
accident,事故,0.9128472932762498,17,0.5833584
daytime,白天,1.0351602929882895,53,0.46420315
interference,干涉,0.9800955646716459,8,0.5197013
superior,低,1.1532381241661438,146,0.33502823
wait,等待,0.9856230343675673,72,0.51427466
complete,完整,0.9680186641022154,5,0.53147304
cable,台,1.1304183617873627,833,0.36109927
low,低,0.9449893640121522,2,0.55351096
curtain,幕,1.0728566781183242,250,0.42447755
inform,告知,0.9940050355247568,159,0.50593925
restrict,限制,0.9474908063876184,72,0.55112684
guide,指南,0.9645684822279621,7,0.53479964
noun,主格,1.0852920621187683,566,0.41107473
driver,追撞,1.0896712725048405,530,0.40630126
water,水,0.9288247259863697,40,0.5685887
way,想,1.0148331807280537,54,0.48506325
powerful,强大,1.006326032588305,27,0.49366605
see,看,1.057870682884464,112,0.4404424
parents,父母,0.8568129860391714,24,0.63293374
efficient,效率,0.996016625825683,155,0.5039493
hobby,嗜好,1.0657587052013977,29,0.43206438
method,方法,0.8831555921342279,7,0.6100143
car,车,1.0240343779878438,404,0.47565058
evening,晚上,0.926057875015672,26,0.57121927
channel,台,1.0767482891837958,291,0.42034262
booking,招租,1.1088772280566461,254,0.3852327
respectively,位,1.0382832574552026,21,0.46097174
eat,吃,0.9131281540084379,14,0.58309376
november,九月,0.9603303172488131,17,0.53889513
always,即使,1.0122909910271622,385,0.4876358
walk,散步,0.9960026128647964,12,0.50398135
ingredients,食材,1.064919233616869,1429,0.43301174
separate,各自,1.0128355796780495,39,0.48709118
pretty,很,1.0326052639785213,1010,0.46687835
ten,十,0.9456295397755096,28,0.5528907
clothing,衣物,0.9292948022735855,94,0.56818503
release,推出,1.0423831242018828,82,0.45664638
remaining,剩下,0.996533516040067,8,0.503486
want,想要,1.0132149356789513,534,0.48671877
sale,出售,0.8871970869644749,27,0.606422
reduce,降低,0.9515332460256903,96,0.54726976
auxiliary,辅助,1.162389701576855,377,0.32441637
hot,冷,1.0865754938088639,127,0.4096975
company,公司,0.8760336742463986,8,0.6162573
every,每,1.1139569000407945,113,0.3795694
beauty,迷人,1.0868761770044568,294,0.4093755
but,但,0.9251689869818664,128,0.5720575
length,长度,0.9747486473186527,14,0.52491605
expired,到期,1.033821187239449,37,0.46563688
negotiable,yamaguchi先生,1.1014933950653616,1389,0.3933576
close,靠近,1.0902543928899684,27,0.40568054
postgraduate,深造,1.0793968730462098,718,0.41745472
besides,除了,1.008660420577774,66,0.491311
operation,北越,1.1825918867781564,1447,0.30074096
without,不需,0.9707605393793723,24,0.5288171
detail,细节,1.0906543290049395,270,0.4052247
cheap,便宜,0.9716479915594909,15,0.5279488
attract,吸引,0.8660206176179476,5,0.62500936
version,版本,0.910753429157509,3,0.5852715
size,尺寸,0.9443618889165637,6,0.5540889
notice,竜龙,1.0768898712730257,254,0.42015308
price,价格,1.0559026111647596,205,0.44253078
merchandise,商品,1.0214578205231064,137,0.47831666
chinese,粤,1.025597306043264,733,0.4740579
residence,居所,0.9282379174494031,8,0.5692152
rain,雨,0.9408299994563287,34,0.557421
participate,参与,1.1069425924941947,224,0.38731664
long,短,1.0131647308505582,14,0.4867569
enthusiastic,敬佩,1.0885602361931435,1421,0.4075389
shortcoming,瑕疵,1.1011587406576104,1603,0.39379892
collar,配戴,1.0567090174937674,165,0.441679
ask,回答,1.0171691812882893,404,0.48265147
pattern,特徵,1.1023834027129804,404,0.39239186
male,男性,1.017357162393114,11,0.48247725
legs,腿,0.9854774472400172,131,0.5144288
recently,最近,1.0157728190322868,27,0.48408875
public,公共,1.016660787819691,11,0.4831893
busy,忙碌,1.0387264265330063,42,0.46049005
sincerity,真意,1.0485279068897666,1407,0.45028988
block,禁,1.0650753988218695,171,0.43284914
intermediary,中介,1.0060737613419273,13,0.49391192
mind,思考,1.0336195550574,336,0.4658143
visa,入境,0.9946074580964114,14,0.5053948
most,最,0.9624122483522536,31,0.5368805
promote,提倡,1.0452569267008023,154,0.4537261
seemingly,看似,1.0520023589263134,1131,0.44665864
examine,瞭解,1.03746057827647,279,0.4618459
quickly,很快,0.9271433754470849,24,0.5702072
upgrade,改良,1.0722024151910203,243,0.42514223
lot,喔,1.0532083192376218,310,0.4453739
give,拿出,1.0628940955178205,161,0.4351268
topic,琉竜,1.0517824357995371,783,0.4469018
idle,擕,1.1192532874783179,202,0.37360892
they,但,1.059017480619304,198,0.43923196
must,只要,1.0026825996229,84,0.49727988
good,好,0.9980124338359744,69,0.50198776
invite,邀,1.0517269781141818,212,0.4469137
print,印刷,0.967283022209697,40,0.532177
rice,稻米,0.9872635212965809,80,0.5126498
all,所有,0.9079489333422508,1,0.5877877
modern,近代,1.0073408020130372,19,0.49262372
vegetable,蔬菜,0.9835592421187751,488,0.51631075
bank,分行,1.0275760633010784,83,0.47203198
stick,棍子,1.0129681785268758,30,0.48689702
free,自由,1.0294855279125044,4,0.47001824
drawer,小桌,1.0895141348595614,252,0.40650415
after,直到,1.0089070864539322,64,0.49105278
rest,全部,1.0508883608059845,34,0.4477909
pass,跑,1.095529516913856,140,0.39992106
repeatedly,多次,1.0469862935282583,862,0.45190898
highest,最高,0.8744149467437858,2,0.61770725
sorry,抱歉,0.9918963854831963,1194,0.5081225
even,即使,0.9330170199415077,242,0.56475544
introduce,引入,0.9784540302367042,36,0.52130497
oh,妳,1.0734795331429732,85,0.4238575
suitable,适合,1.049210343102049,163,0.44952956
handsome,英俊,1.0127213554821142,225,0.48720005
still,仍然,0.9527107147552414,27,0.54621
occasionally,偶而,1.0100273258611199,85,0.48991764
meal,正餐,0.9742445075292232,164,0.5254252
exceed,超出,1.0403859827877742,32,0.45877367
funding,捐助,1.1037294453220055,533,0.39088887
term,指,1.0870282684726418,108,0.40921688
oven,烤焦,1.0268560300700742,280,0.47279704
overhaul,修整,1.0764941148389215,182,0.42059523
picture,相片,0.9846012620364051,40,0.51526684
arbitrarily,任意,1.0825567664122213,1277,0.41401696
beautiful,迷人,0.9814302476168792,118,0.51839465
dinner,聚餐,0.9691435996393118,57,0.53038335
route,公路,1.087667386569819,411,0.40846705
estate,住宅,1.0830945858073369,330,0.4134505
recruitment,招募,0.9579092349951629,10,0.5412045
enjoy,享受,0.9181398744888293,7,0.5784909
often,常常,0.9510670158405897,66,0.5477176
kind,很,1.018867443523968,186,0.48095778
list,列表,0.9720442713047751,7,0.5275787
happiness,幸福,0.9433257162696812,41,0.55506533
deer,鹿,1.027955552904751,224,0.47167343
january,九月,0.97126497864036,18,0.5283301
more,更,1.0200898638715448,60,0.4797201
study,研究,0.9952078189818752,59,0.50475925
identity,身份,1.033162460507199,34,0.46623868
layout,布局,1.0179755985913495,16,0.48183215
bad,不好,1.0876596586505383,452,0.4084812
micro,微型,1.0789167888796516,236,0.4179372
work,工作,0.9463516950701147,3,0.55219465
week,星期,1.0038850130582604,21,0.49609867
extremely,非常,0.9815634708976961,146,0.5182788
outside,以外,1.0348333408791648,9,0.46453503
heavy,沈重,1.0605800608020162,54,0.4375609
pair,两,1.070235003006373,47,0.42729887
fax,列印,1.0890991103956118,372,0.4069131
move,移,1.0174370714438747,12,0.482429
gender,性别,1.039537803610774,133,0.45965537
bundle,捆,1.097622358640675,346,0.39755952
performance,表演,1.050137395789735,49,0.4485877
road,公路,0.9700466194252234,50,0.5295201
convenience,便利,1.084130731811421,187,0.41235396
dog,狗,0.9190811531729874,35,0.5776312
where,接著,1.0615975225958765,65,0.4365009
rare,罕有,1.0030340542188172,20,0.49696878
tower,高塔,1.079400764760614,374,0.41750428
item,物品,1.0837542720503688,49,0.41271865
collection,收藏,0.9382572671665371,12,0.55983496
quilt,毯,1.1164308586170641,491,0.3767482
foreigner,外人,0.993978126623398,5,0.50604004
july,九月,0.9416255139443951,15,0.55668825
rent,房租,0.9394750724275196,21,0.5587056
sweep,拖著,1.1071077002317198,127,0.3871404
strain,患,1.1130440201693925,654,0.38056067
group,群,0.9968177467833969,7,0.50314164
area,附近,1.0588868861221086,146,0.43941513
houses,幢,1.052391656149209,271,0.44622216
direct,直接,0.9889919814066012,6,0.5109704
consider,是否,1.0594755206160567,980,0.4387567
towards,朝向,1.0674083017995015,61,0.43031335
practice,作法,1.1155503717251896,276,0.3778169
serve,提供,1.1279672653656443,119,0.36382702
necessity,必需,1.05456507902624,1356,0.44397977
cost,成本,0.9543514483482944,50,0.5445915
have,即使,1.0467391773136256,234,0.45215726
again,再次,0.9294553805844503,14,0.5680468
window,窗,0.9527304321647565,43,0.54616106
smoking,菸,1.0031324056068192,39,0.49684542
tenant,承租,1.011649891438132,50,0.4882939
expand,拓展,0.9865475452936766,26,0.5133675
casual,閒逛,1.1120539321681826,804,0.38169804
chant,唱,1.1192410211383785,627,0.3736293
library,图书,1.0900235586315818,153,0.40592483
cut,剪,0.99785304640294,24,0.5021179
resemblance,酷似,1.0298146227267524,63,0.46976823
frame,榫,1.0953256581680535,426,0.4001263
cook,烤,1.087396203666075,598,0.40877497
harass,制止,1.1037007664061604,1745,0.39091936
although,仍然,0.971183049600224,115,0.5284021
teacher,住校,1.0979572433402969,448,0.39725593
course,哩,1.0998661409463488,61,0.39510256
entire,全部,1.021734872242448,30,0.47797945
sofa,椅子,1.0432546111646692,95,0.45583266
luxury,奢侈,1.0332893322022083,172,0.4661629
calculate,推算,1.0460344564160582,970,0.45289376
widely,最常,1.0421305123816862,88,0.45696363
leave,留在,0.9923504038838724,52,0.5075957
code,制定,1.1351490244854765,413,0.3557129
exchange,交易,1.0109593379187896,19,0.48895234
garage,屋,1.1335129725636441,1796,0.3575651
baseball,棒球,0.9623507939238781,100,0.53694
prove,找出,1.0776818447930827,1132,0.41931474
down,往下,1.1378292079818801,671,0.35269383
void,宣告,1.0818022581472722,48,0.4148503
representative,代表,0.991479126359616,18,0.50851524
strangeness,相斥,1.0907843868090987,1818,0.4050992
elder,外甥,1.048376547455509,89,0.45046782
ash,煤灰,1.0383901754724714,8,0.46091676
call,喊,1.0543546454205819,21,0.44420543
uncle,弟弟,0.9106281079614233,42,0.5853989
heart,心,0.9961436955032172,25,0.3142874
privacy,隐私,1.0756073417524057,277,0.42154112
local,本地,1.0924491122016564,31,0.403246
fooled,揭破,1.0843445699770442,1376,0.4121223
book,一本,0.9744446751315543,64,0.5252362
nourish,造福,1.0836468165884576,416,0.41283524
plan,打算,1.0271114070286467,22,0.4725415
convert,改用,1.115873093175905,73,0.37741134
middle,末,1.1416877217826802,118,0.3482418
collect,收集,0.9688250749127663,8,0.530691
active,活跃,1.0789231379777264,25,0.41799027
termination,终止,1.0531205837719917,96,0.44544804
regular,定期,1.0568694595648886,21,0.44150278
inside,外面,0.9725015716248778,16,0.52711177
tennis,排球,1.0050648619297153,92,0.49491504
base,基地,1.0585449969301222,13,0.43970296
electricity,能源,1.0940038177873923,555,0.40153563
none,未,1.1304170168183132,164,0.3610513
welcome,各位,1.0578083115798922,138,0.4405551
experience,感受,1.054784287956236,288,0.44369078
competition,赛,1.1482301110214654,658,0.3408238
several,不少,1.0158725417454113,73,0.48400596
day,一天,0.9335119911422182,4,0.56428313
deliver,提供,1.102277426259298,308,0.39245805
bar,酒吧,1.1156493838295616,54,0.37766543
glass,玻璃,0.905356247631494,25,0.59014934
vehicle,车,1.0749056311195964,538,0.422253
hardwood,硬木,1.0406809480229333,497,0.4584975
bear,狗熊,1.0265178841552343,19,0.47314107
certainly,既然,1.0094475215935161,1604,0.4905278
refrigerator,冰箱,0.9759666534781222,77,0.5237319
wear,穿著,0.9320772626631414,62,0.5655983
hug,抱抱,1.117247791593739,236,0.37588286
gas,液化,1.0305831317466985,279,0.4689372
because,所以,0.9222652858874244,61,0.57471174
question,回答,1.0066868699278269,363,0.49327677
prohibit,禁止,0.8874937808665297,48,0.6061817
unnecessary,球球pk,1.027472274802706,789,0.47215232
lecturer,教授,0.9824321871691524,100,0.5173989
portrait,肖像,0.9935072400471368,114,0.50647783
plastic,塑料,0.9932737031041107,253,0.50668067
trip,旅行,0.948666625461904,24,0.5500034
please,竜龙,1.1061066564732127,1001,0.38822407
yoga,瑜珈,0.9663418076783353,125,0.5331043
vision,感,1.079895440746918,228,0.41691738
tube,管,1.0573333129600315,352,0.44097728
only,只有,0.9068262503942597,14,0.5888421
brake,煞车,1.0468670226763974,598,0.45203313
date,日期,0.9458001222278712,3,0.55277634
perfect,完美,0.9582542432575406,12,0.54088396
village,村落,1.0622880038760425,154,0.43578374
wool,羊毛,0.9371006803050348,46,0.5609138
squirrel,猴,1.0257754549382914,268,0.47388065
interested,瞭解,1.0319152283895752,139,0.4675727
exactly,就是,1.042983415116966,851,0.45609125
link,球球pk,1.1710967186090293,1386,0.31428048
for,需,1.0238739453993286,4,0.4758129
educate,瞭解,1.1433142096434439,1519,0.34640583
summer,夏季,0.9521213525854431,8,0.5467175
center,中心,0.9703885813042079,4,0.5291908
shoe,鞋,0.9843103301846335,37,0.5155836
photography,摄影,1.0270122954924192,113,0.47260916
cement,水泥,0.9707343590693562,71,0.528829
supermarket,超市,1.0199884231806167,184,0.47983646
neighbor,隔壁,1.0717948593698703,68,0.42560512
sunday,星期日,0.9564792866170189,33,0.5425681
identify,找出,1.097447572480642,433,0.39781606
watery,清冽,1.064644015878468,775,0.4332978
maximum,上限,0.961340466895641,7,0.5378318
gentle,率直,1.0718705650016835,783,0.42553744
guard,兵,1.1087738925337425,290,0.3853226
short,短,0.9571933908763931,3,0.54186374
north,西北,0.9876659612147436,40,0.51226556
stool,凳,1.0956258809511985,284,0.39980727
victory,一仗,1.0700209765722017,201,0.4274859
cherish,珍惜,0.9634869959023832,39,0.53584385
mainly,大多,0.937110121677297,20,0.5608938
utensils,炊具,0.9766844527689756,157,0.52304834
sunlight,照射,1.030747542631036,236,0.46879303
forum,论坛,1.141416026061417,310,0.3485879
assure,瞭解,1.0848860340455782,944,0.41148275
drinks,喝,0.9831970574485085,230,0.51667786
control,控制,0.858619809591969,4,0.6313837
various,不同,1.0038376165128693,69,0.49613246
bedside,垂危,1.1009365806874647,659,0.3939758
get,才想,1.0063089770435032,198,0.4936727
armrest,椅背,1.0439556668505352,531,0.45509455
surround,四周,1.0776959056272681,60,0.4192695
net,网,1.162031248371619,310,0.32485783
introduction,引入,1.0101560541657273,21,0.48975253
detailed,概述,1.0344023148079138,140,0.46503067
battery,炮,1.0813727997647886,235,0.41533756
add,添加,1.0361151627376368,119,0.46324152
smell,嗅到,1.0224769921616608,159,0.47724086
later,不久,1.010703577037417,57,0.4892576
cash,支付,1.0622374969694037,272,0.43582648
details,细节,1.041307883925829,40,0.45782238
safety,安全,0.9886957210818512,13,0.51123536
specify,依照,1.076321977270935,626,0.42078528
mine,矿,1.0996206314129124,130,0.39540663
package,套,1.0670608937219423,122,0.43070588
able,才能,1.087642754737815,476,0.40853187
joy,璀璨,1.0815396592797741,327,0.4151674
luggage,行李,1.0132968198103864,132,0.48660856
season,季,0.948462052019465,23,0.55020183
here,竜龙,1.027000546707443,1485,0.47262627
quiet,悠閒,1.031341395720699,192,0.46817738
parts,部分,1.0382468123643225,22,0.4609988
indoor,室外,1.0683275401063475,78,0.42928955
plus,另加,0.9869398335999112,4,0.5129742
assist,协助,1.0961033965766127,50,0.39927673
boarding,收容,1.120652248591009,367,0.37210232
entrance,入口,1.0129123745602193,163,0.48701537
arrange,安排,1.0299430093701933,56,0.46962497
renovation,整修,0.9366903538790444,48,0.5613135
clothes,衣服,0.8725554916240749,46,0.6193604
fraud,舞弊,1.0962930541871891,1213,0.39908534
forward,向前,1.1051820331670177,128,0.38925737
staff,主管,1.1207153295555872,497,0.37197387
strength,力量,1.0068817174217846,52,0.49311322
position,位置,1.0314279288093395,12,0.46809822
edit,竜龙,1.0685451811626812,1193,0.42909333
certified,认证,1.14035756659523,228,0.34978858
click,查看,1.096872214954069,462,0.3984526
own,自己,1.045522587550965,25,0.45343697
carpet,地毯,0.97079598749853,6,0.52874845
furnish,索取,1.0816609887977586,75,0.41497272
right,左,1.0391713019474584,13,0.46007723
tell,知道,1.0081443249070743,166,0.49187034
mrs,太太,1.0934615000352736,1488,0.40218106
itself,本身,1.0546183116383872,168,0.44383863
floor,地板,1.0553718270172965,371,0.44311476
standing,抬,1.0497783696723486,25,0.4489421
practise,懂得,1.140947781246717,778,0.34911507
many,不少,0.8765384864604607,26,0.6158507
reasonable,yamaguchi先生,1.047825974947945,1977,0.4509946
past,多年,1.0968965455105801,54,0.39840567
extend,延伸,0.9159655320230047,9,0.5805301
mold,淬火,1.0803138516660071,320,0.4164366
held,出席,1.1480376344977266,359,0.34099576
space,空间,1.0048348159211005,42,0.49520364
better,更好,0.952609597580924,26,0.54628676
tangled,扯,1.1228177627238514,833,0.36963943
may,九月,1.036209408835569,17,0.46312332
court,法院,0.9922239309223964,102,0.507744
lens,焦距,1.0809293234782198,322,0.41580558
environment,环境,1.007779501754342,36,0.49220115
afternoon,晚上,0.8703799266362984,18,0.6212214
hospital,病院,1.0077037783378893,157,0.49229908
transport,运输,1.0870047533380212,188,0.40921694
intercontinental,霸,1.117312375343618,347,0.3758186
classroom,教室,0.9985413535720783,61,0.50145394
husband,妻子,0.9713320339667605,93,0.5282599
near,附近,0.9334349924426875,8,0.5643459
ground,地面,1.0642297463702668,21,0.4336916
slightly,稍微,0.9740517011157743,54,0.5256479
layer,层,1.075167499409455,624,0.422049
at,在,1.0833740068233506,11,0.41319805
fan,漫,1.0854533366350576,33,0.41089922
